day,chain,pool_label,pool_address,mint_count,burn_count,unique_txs,mint_amount0,mint_amount1,burn_amount0,burn_amount1,price_token0_usd,price_token1_usd,gross_lp_inflow_usd,gross_lp_outflow_usd,net_lp_flow_usd,price_source
2026-07-07,ethereum,Uniswap V3 Ethereum USDC/WETH 0.05%,0x88e6a0c2ddd26feeb64f039a2c41296fcb3f5640,80,97,173,2967245.69622,2294.2445331954464,3010781.004657,2725.2881071349393,0.9998972073567757,1781.921863767195,7055105.179721117,7866721.981687823,-811616.8019667063,defillama_hourly_mean_v1
2026-07-08,ethereum,Uniswap V3 Ethereum USDC/WETH 0.05%,0x88e6a0c2ddd26feeb64f039a2c41296fcb3f5640,47,53,96,1576131.158032,726.8260637975112,1431683.772923,809.2966471031691,0.9998696838853434,1743.7279045985222,2843312.651976522,2842690.348108114,622.3038684078492,defillama_hourly_mean_v1
2026-07-09,ethereum,Uniswap V3 Ethereum USDC/WETH 0.05%,0x88e6a0c2ddd26feeb64f039a2c41296fcb3f5640,46,49,91,1725021.856023,1251.7041734051422,1510682.2066,1254.0156122660173,0.9998379608657216,1743.213315540918,3906729.717172821,3696454.1301613916,210275.58701142948,defillama_hourly_mean_v1
2026-07-10,ethereum,Uniswap V3 Ethereum USDC/WETH 0.05%,0x88e6a0c2ddd26feeb64f039a2c41296fcb3f5640,86,80,153,6618525.999003,873.6472477016097,6611862.249233,765.9369984873447,0.9998064551563464,1782.2494857421918,8174302.37535958,7975673.3790527005,198628.99630687945,defillama_hourly_mean_v1
2026-07-11,ethereum,Uniswap V3 Ethereum USDC/WETH 0.05%,0x88e6a0c2ddd26feeb64f039a2c41296fcb3f5640,77,100,173,4247348.28226,2654.553628329725,4633817.663845,2547.5400432155025,0.9998752574239872,1805.3041019007287,9039095.011033162,9232324.119266145,-193229.10823298246,defillama_hourly_mean_v1
2026-07-12,ethereum,Uniswap V3 Ethereum USDC/WETH 0.05%,0x88e6a0c2ddd26feeb64f039a2c41296fcb3f5640,32,47,73,434563.317482,207.9297808751686,414655.218715,195.77710781486752,0.9998017672474551,1806.9911123068769,810204.4388247665,768340.5142842478,41863.92454051878,defillama_hourly_mean_v1
2026-07-13,ethereum,Uniswap V3 Ethereum USDC/WETH 0.05%,0x88e6a0c2ddd26feeb64f039a2c41296fcb3f5640,66,80,144,1741376.728725,834.5448681080308,1416282.283737,969.7178284528895,0.9997903289227484,1779.7071751078981,3226257.102111724,3141799.107432534,84457.99467919022,defillama_hourly_mean_v1
2026-07-14,ethereum,Uniswap V3 Ethereum USDC/WETH 0.05%,0x88e6a0c2ddd26feeb64f039a2c41296fcb3f5640,87,113,176,2670738.755269,980.252129054336,1598424.080651,897.8171305308773,0.9998559270045103,1824.5139891041688,4458837.696245139,3236273.7052165866,1222563.9910285529,defillama_hourly_mean_v1
2026-07-15,ethereum,Uniswap V3 Ethereum USDC/WETH 0.05%,0x88e6a0c2ddd26feeb64f039a2c41296fcb3f5640,76,98,150,1980553.588322,3228.264014654117,2031239.363886,2111.698515441548,0.9998414512070563,1898.4924238767524,8109074.348036001,6039960.94641424,2069113.4016217617,defillama_hourly_mean_v1
2026-07-16,ethereum,Uniswap V3 Ethereum USDC/WETH 0.05%,0x88e6a0c2ddd26feeb64f039a2c41296fcb3f5640,67,83,139,1195849.029821,1089.4562767206166,1267717.030748,1001.1555226156279,0.9998681744907527,1893.0361527989432,3258071.505139518,3162773.5121905436,95297.99294897448,defillama_hourly_mean_v1
2026-07-17,ethereum,Uniswap V3 Ethereum USDC/WETH 0.05%,0x88e6a0c2ddd26feeb64f039a2c41296fcb3f5640,42,62,92,2821695.911906,1403.509289993914,3216329.939065,1257.1670053124303,0.999918002492327,1838.3595257092772,5401619.212555589,5527191.147649655,-125571.93509406596,defillama_hourly_mean_v1
2026-07-18,ethereum,Uniswap V3 Ethereum USDC/WETH 0.05%,0x88e6a0c2ddd26feeb64f039a2c41296fcb3f5640,40,54,88,1491679.638032,1161.5894920788483,1372976.885597,1218.732789935464,0.9998984788636109,1846.522739808878,3636429.6124666566,3623255.309789889,13174.302676767576,defillama_hourly_mean_v1
2026-07-19,ethereum,Uniswap V3 Ethereum USDC/WETH 0.05%,0x88e6a0c2ddd26feeb64f039a2c41296fcb3f5640,43,61,92,625673.642458,529.1067916093687,652576.965068,556.5737119103188,0.9998532102499236,1866.5918118166692,1613208.2047750305,1691377.106782603,-78168.90200757259,defillama_hourly_mean_v1
2026-07-20,ethereum,Uniswap V3 Ethereum USDC/WETH 0.05%,0x88e6a0c2ddd26feeb64f039a2c41296fcb3f5640,48,74,103,2002106.776986,1203.9381229623302,1502134.830978,1253.9359098921539,0.9998329843990462,1879.1878747569854,4264198.316547964,3858265.1086181942,405933.20792976953,defillama_hourly_mean_v1
2026-07-21,ethereum,Uniswap V3 Ethereum USDC/WETH 0.05%,0x88e6a0c2ddd26feeb64f039a2c41296fcb3f5640,49,66,106,1171191.445581,1329.0624875895767,1288160.956154,1193.3540687225407,0.9998680067425502,1926.7826118416879,3731851.347345656,3587324.796978399,144526.55036725663,defillama_hourly_mean_v1
2026-07-22,ethereum,Uniswap V3 Ethereum USDC/WETH 0.05%,0x88e6a0c2ddd26feeb64f039a2c41296fcb3f5640,79,88,135,2136145.432239,957.3547366705105,1990057.769435,915.1470352048765,0.9998926899686477,1930.3047097054732,3983902.559459623,3756356.8484023423,227545.71105728066,defillama_hourly_mean_v1
2026-07-23,ethereum,Uniswap V3 Ethereum USDC/WETH 0.05%,0x88e6a0c2ddd26feeb64f039a2c41296fcb3f5640,68,79,135,766122.993093,1051.7805416986334,556985.615659,1203.9408485350639,0.9999177715659827,1908.3362717470957,2773210.953640324,2854463.805901493,-81252.85226116888,defillama_hourly_mean_v1
2026-07-24,ethereum,Uniswap V3 Ethereum USDC/WETH 0.05%,0x88e6a0c2ddd26feeb64f039a2c41296fcb3f5640,51,55,89,1488992.431662,501.87863500383537,1138090.15166,620.9914929765663,0.99992256902873,1870.7448187594828,2427763.993611309,2299718.6462137913,128045.34739751788,defillama_hourly_mean_v1
2026-07-25,ethereum,Uniswap V3 Ethereum USDC/WETH 0.05%,0x88e6a0c2ddd26feeb64f039a2c41296fcb3f5640,28,37,61,490099.650759,985.3444030042414,474380.025511,308.8921115410185,0.999974754423496,1863.6528932839274,2326427.225450751,1050035.7268997747,1276391.4985509762,defillama_hourly_mean_v1
2026-07-26,ethereum,Uniswap V3 Ethereum USDC/WETH 0.05%,0x88e6a0c2ddd26feeb64f039a2c41296fcb3f5640,50,63,95,347290.952826,180.78482141970403,884988.520267,86.97300569510064,0.9999522584185861,1894.068200910744,689693.1540650902,1049679.0739402284,-359985.9198751382,defillama_hourly_mean_v1
2026-07-27,ethereum,Uniswap V3 Ethereum USDC/WETH 0.05%,0x88e6a0c2ddd26feeb64f039a2c41296fcb3f5640,50,98,138,717640.45264,430.21120858812304,2072799.962692,398.32727391462373,0.9999026901399883,1946.1708882799924,1554835.1491139713,2847811.2033183696,-1292976.0542043983,defillama_hourly_mean_v1
2026-07-28,ethereum,Uniswap V3 Ethereum USDC/WETH 0.05%,0x88e6a0c2ddd26feeb64f039a2c41296fcb3f5640,58,60,115,3382943.759564,1900.510183541775,1255068.025401,783.0780151544735,0.999878407597712,1892.6019515121955,6979441.701545434,2736970.3983324096,4242471.3032130245,defillama_hourly_mean_v1
2026-07-29,ethereum,Uniswap V3 Ethereum USDC/WETH 0.05%,0x88e6a0c2ddd26feeb64f039a2c41296fcb3f5640,59,79,120,1278480.112601,1560.997724678952,1120981.470005,1357.5925921950416,0.9998021136531136,1905.0279033099778,4251971.34135874,3707011.4125354514,544959.9288232885,defillama_hourly_mean_v1
2026-07-30,ethereum,Uniswap V3 Ethereum USDC/WETH 0.05%,0x88e6a0c2ddd26feeb64f039a2c41296fcb3f5640,56,59,105,870066.534441,635.6721354031316,735584.195366,564.6776572836184,0.9997294153716267,1913.0016584985822,2085872.9570986442,1815614.4524905155,270258.5046081287,defillama_hourly_mean_v1
2026-07-31,ethereum,Uniswap V3 Ethereum USDC/WETH 0.05%,0x88e6a0c2ddd26feeb64f039a2c41296fcb3f5640,57,98,136,897247.02941,707.6612772614768,793837.467488,861.85830999276,0.9997848195214352,1884.4355169121927,2230596.0041797943,2417783.0590581186,-187187.05487832427,defillama_hourly_mean_v1
2026-08-01,ethereum,Uniswap V3 Ethereum USDC/WETH 0.05%,0x88e6a0c2ddd26feeb64f039a2c41296fcb3f5640,66,108,162,2557769.356424,791.2237058737267,2596918.148671,777.1314096986058,0.9998764656109685,1862.0767121642284,4030772.6207690164,4043675.640265271,-12903.019496254623,defillama_hourly_mean_v1
2026-08-02,ethereum,Uniswap V3 Ethereum USDC/WETH 0.05%,0x88e6a0c2ddd26feeb64f039a2c41296fcb3f5640,47,70,113,410836.581739,385.53826183294547,389350.803742,306.5027606886697,0.9998261328231854,1868.157165803914,1131011.2172772037,961878.4371361834,169132.7801410203,defillama_hourly_mean_v1
2026-08-03,ethereum,Uniswap V3 Ethereum USDC/WETH 0.05%,0x88e6a0c2ddd26feeb64f039a2c41296fcb3f5640,35,57,79,317624.281652,278.4096519515161,265540.919091,258.90687498738583,0.9997824056984759,1859.6882065133286,835310.3147320019,746969.2008994464,88341.11383255548,defillama_hourly_mean_v1
2026-08-04,ethereum,Uniswap V3 Ethereum USDC/WETH 0.05%,0x88e6a0c2ddd26feeb64f039a2c41296fcb3f5640,65,79,136,1508370.356037,1463.8356615131804,1729437.800234,1338.7950404689084,0.9997083537052611,1867.7077916956634,4241947.71618171,4229411.344674871,12536.37150683906,defillama_hourly_mean_v1
2026-08-05,ethereum,Uniswap V3 Ethereum USDC/WETH 0.05%,0x88e6a0c2ddd26feeb64f039a2c41296fcb3f5640,69,97,146,1563586.477167,767.76707974649,6770101.560795,690.7321929889446,0.9996523255767041,1882.4348159747194,3008314.3396143094,8068006.098236154,-5059691.758621844,defillama_hourly_mean_v1
2026-08-06,ethereum,Uniswap V3 Ethereum USDC/WETH 0.05%,0x88e6a0c2ddd26feeb64f039a2c41296fcb3f5640,43,59,91,340890.529775,444.5564496400441,374998.478251,537.9473724624331,0.9995318739376359,1906.3631713131172,1188216.9931970937,1400345.9906570264,-212128.9974599327,defillama_hourly_mean_v1
2026-08-07,ethereum,Uniswap V3 Ethereum USDC/WETH 0.05%,0x88e6a0c2ddd26feeb64f039a2c41296fcb3f5640,50,64,103,552086.600882,743.308119864469,667436.225961,758.7506615946006,0.9996431208862582,1909.1058078879744,1970943.421388717,2115733.326701295,-144789.9053125782,defillama_hourly_mean_v1
2026-08-08,ethereum,Uniswap V3 Ethereum USDC/WETH 0.05%,0x88e6a0c2ddd26feeb64f039a2c41296fcb3f5640,53,61,109,1062188.937346,551.0204331750812,753644.963449,604.5702207134912,0.9996830241359059,1917.6903674247849,2118538.826043839,1912784.5648796288,205754.26116421027,defillama_hourly_mean_v1
2026-08-09,ethereum,Uniswap V3 Ethereum USDC/WETH 0.05%,0x88e6a0c2ddd26feeb64f039a2c41296fcb3f5640,38,49,82,506644.534699,565.432130114956,486389.322242,656.660896563956,0.9996318550303344,1918.489754377956,1591233.764483788,1746007.46261831,-154773.69813452195,defillama_hourly_mean_v1
2026-08-10,ethereum,Uniswap V3 Ethereum USDC/WETH 0.05%,0x88e6a0c2ddd26feeb64f039a2c41296fcb3f5640,42,71,107,1801820.021339,673.3331453435702,1199114.738368,853.8657619469665,0.9996344700613878,1901.3107974655343,3081376.9817103697,2822140.618807198,259236.36290317168,defillama_hourly_mean_v1
2026-08-11,ethereum,Uniswap V3 Ethereum USDC/WETH 0.05%,0x88e6a0c2ddd26feeb64f039a2c41296fcb3f5640,31,44,68,4941759.266071,1317.0180297292673,1761906.334833,1574.445453292078,0.9996296692453795,1876.2190809699657,7410943.537992364,4715258.448143454,2695685.0898489095,defillama_hourly_mean_v1
2026-08-12,ethereum,Uniswap V3 Ethereum USDC/WETH 0.05%,0x88e6a0c2ddd26feeb64f039a2c41296fcb3f5640,43,51,75,821717.259481,536.5463130787537,801916.354608,524.2391534585602,0.9995924719599828,1889.1250131837369,1834985.4474253813,1791942.8488965826,43042.59852879867,defillama_hourly_mean_v1
2026-08-13,ethereum,Uniswap V3 Ethereum USDC/WETH 0.05%,0x88e6a0c2ddd26feeb64f039a2c41296fcb3f5640,39,42,77,1039085.193289,810.3291658291101,775811.74928,835.7099491474272,0.999523896727882,1884.6973144427495,2565815.684081223,2350502.679578863,215313.00450235978,defillama_hourly_mean_v1
2026-08-14,ethereum,Uniswap V3 Ethereum USDC/WETH 0.05%,0x88e6a0c2ddd26feeb64f039a2c41296fcb3f5640,45,51,88,148705.792415,346.0400399437744,145942.780974,311.09309269012687,0.9996039789012025,1877.6611646295103,798392.8461929599,730012.4032822569,68380.44291070302,defillama_hourly_mean_v1
2026-08-15,ethereum,Uniswap V3 Ethereum USDC/WETH 0.05%,0x88e6a0c2ddd26feeb64f039a2c41296fcb3f5640,34,57,83,146721.983779,144.4122536698792,251458.84647,23.868525588373945,0.9996068178961877,1880.8487430409114,418281.90111543983,296253.06370285567,122028.83741258417,defillama_hourly_mean_v1
2026-08-16,ethereum,Uniswap V3 Ethereum USDC/WETH 0.05%,0x88e6a0c2ddd26feeb64f039a2c41296fcb3f5640,53,52,93,99453.728885,113.16899133608922,44443.448683,17.837860517914535,0.9996287708528441,1880.3326330700274,312212.1562229123,77968.06121543486,234244.09500747744,defillama_hourly_mean_v1
2026-08-17,ethereum,Uniswap V3 Ethereum USDC/WETH 0.05%,0x88e6a0c2ddd26feeb64f039a2c41296fcb3f5640,34,74,99,630412.581415,312.2388420594566,649921.587166,299.596256042519,0.9995907609903361,1899.7212483167975,1223321.3548046844,1218804.987419442,4516.367385242367,defillama_hourly_mean_v1
2026-08-18,ethereum,Uniswap V3 Ethereum USDC/WETH 0.05%,0x88e6a0c2ddd26feeb64f039a2c41296fcb3f5640,42,73,104,554740.49995,618.2137140732871,746338.524582,540.8140043962591,0.9996786767198954,1903.3438742334095,1731235.5345614245,1775453.7310064728,-44218.19644504832,defillama_hourly_mean_v1
2026-08-19,ethereum,Uniswap V3 Ethereum USDC/WETH 0.05%,0x88e6a0c2ddd26feeb64f039a2c41296fcb3f5640,132,221,282,9114161.686921,3476.242010248865,16879863.52457,863.4633902613958,0.999739141407121,1996.1252206287545,16050798.529195039,18599041.317513373,-2548242.788318334,defillama_hourly_mean_v1
2026-08-20,ethereum,Uniswap V3 Ethereum USDC/WETH 0.05%,0x88e6a0c2ddd26feeb64f039a2c41296fcb3f5640,172,280,397,1825505.625048,1522.7483127622006,3139865.818091,904.2633684307032,0.999667381972812,2285.7610828458232,5305537.261249354,5205751.458318927,99785.80293042678,defillama_hourly_mean_v1
2026-08-21,ethereum,Uniswap V3 Ethereum USDC/WETH 0.05%,0x88e6a0c2ddd26feeb64f039a2c41296fcb3f5640,138,262,330,8903275.885818,2253.858353626726,13534430.5094,1144.9048900496211,0.9997892568485524,2394.633315205056,14298563.882747393,16273205.613315405,-1974641.7305680122,defillama_hourly_mean_v1
2026-08-22,ethereum,Uniswap V3 Ethereum USDC/WETH 0.05%,0x88e6a0c2ddd26feeb64f039a2c41296fcb3f5640,89,167,221,2341139.143846,1193.0402422276584,1244506.415852,1595.1634937222323,0.9998927158944553,2447.438167740553,5260780.201305402,5148436.91841649,112343.2828889126,defillama_hourly_mean_v1
2026-08-23,ethereum,Uniswap V3 Ethereum USDC/WETH 0.05%,0x88e6a0c2ddd26feeb64f039a2c41296fcb3f5640,84,132,168,444006.866516,355.51492276521697,1012296.32143,376.81611566291986,0.9998976368417712,2426.6041834563057,1306655.415434089,1926576.2622428716,-619920.8468087825,defillama_hourly_mean_v1
2026-08-24,ethereum,Uniswap V3 Ethereum USDC/WETH 0.05%,0x88e6a0c2ddd26feeb64f039a2c41296fcb3f5640,80,134,174,4126972.841545,664.1346575486681,3960808.617911,440.7515676947346,0.9998853054317944,2467.836568910199,5765475.294756198,5048057.171238389,717418.1235178094,defillama_hourly_mean_v1
2026-08-25,ethereum,Uniswap V3 Ethereum USDC/WETH 0.05%,0x88e6a0c2ddd26feeb64f039a2c41296fcb3f5640,65,111,152,6374495.642015,1681.7709913473093,5196747.529163,1240.1404115459038,0.9999083320607499,2477.6366474799547,10540728.745966526,8268888.485693203,2271840.2602733225,defillama_hourly_mean_v1
2026-08-26,ethereum,Uniswap V3 Ethereum USDC/WETH 0.05%,0x88e6a0c2ddd26feeb64f039a2c41296fcb3f5640,56,71,107,447885.297119,783.6041542642799,327421.248941,735.1378286029977,0.9999229459437976,2461.501875384272,2376693.881020575,2136939.1635778826,239754.71744269226,defillama_hourly_mean_v1
2026-08-27,ethereum,Uniswap V3 Ethereum USDC/WETH 0.05%,0x88e6a0c2ddd26feeb64f039a2c41296fcb3f5640,94,133,184,1693477.43697,649.9591186615747,2242101.083159,540.2851085701104,0.9999635383800497,2506.0913444835396,3322272.6115852213,3596023.166662319,-273750.55507709784,defillama_hourly_mean_v1
2026-08-28,ethereum,Uniswap V3 Ethereum USDC/WETH 0.05%,0x88e6a0c2ddd26feeb64f039a2c41296fcb3f5640,54,89,112,428932.647845,214.48930965608878,1514821.376318,82.1024987844286,0.9999831032104419,2481.042689391077,961082.5339350929,1718495.5850898325,-757413.0511547397,defillama_hourly_mean_v1
2026-08-29,ethereum,Uniswap V3 Ethereum USDC/WETH 0.05%,0x88e6a0c2ddd26feeb64f039a2c41296fcb3f5640,41,60,78,1194619.641239,69.35566901304841,123670.980844,91.40990184546104,0.9999836696029879,2442.8690702560666,1364026.9513048732,346971.3831812036,1017055.5681236696,defillama_hourly_mean_v1
2026-08-30,ethereum,Uniswap V3 Ethereum USDC/WETH 0.05%,0x88e6a0c2ddd26feeb64f039a2c41296fcb3f5640,51,101,118,1224566.563486,377.231990341187,1204622.161253,401.09244224405853,0.9999044618543351,2472.213934975923,2157047.753907467,2196093.398814774,-39045.644907307345,defillama_hourly_mean_v1
2026-08-31,ethereum,Uniswap V3 Ethereum USDC/WETH 0.05%,0x88e6a0c2ddd26feeb64f039a2c41296fcb3f5640,64,89,136,2254385.576043,442.3410256238462,2003715.29281,1050.7478248055832,0.999862963727085,2448.6981283920104,3337236.2850020602,4576404.943147698,-1239168.6581456382,defillama_hourly_mean_v1
2026-09-01,ethereum,Uniswap V3 Ethereum USDC/WETH 0.05%,0x88e6a0c2ddd26feeb64f039a2c41296fcb3f5640,70,105,133,1354223.136133,817.3754093221911,1637313.362614,718.8710479836998,0.9998425552110368,2448.43135331241,3355297.5003681397,3397161.989028997,-41864.48866085708,defillama_hourly_mean_v1
2026-09-02,ethereum,Uniswap V3 Ethereum USDC/WETH 0.05%,0x88e6a0c2ddd26feeb64f039a2c41296fcb3f5640,51,79,107,1196441.005867,1213.438782130504,1429109.686369,1197.0433521328375,0.9997725274115155,2397.027632606345,4104815.1395774344,4298130.595579552,-193315.45600211807,defillama_hourly_mean_v1
2026-09-03,ethereum,Uniswap V3 Ethereum USDC/WETH 0.05%,0x88e6a0c2ddd26feeb64f039a2c41296fcb3f5640,73,95,140,2176628.669972,902.6334370361114,2638923.772065,718.421568168039,0.9998714963759531,2440.4846071271863,4379211.97426464,4391881.43933898,-12669.465074339882,defillama_hourly_mean_v1
2026-09-04,ethereum,Uniswap V3 Ethereum USDC/WETH 0.05%,0x88e6a0c2ddd26feeb64f039a2c41296fcb3f5640,59,72,108,509235.954732,454.3442588591391,485240.399097,445.1882386699729,0.9999202474581613,2485.0630779895127,1638269.4842575707,1591522.554615702,46746.929641868686,defillama_hourly_mean_v1
2026-09-05,ethereum,Uniswap V3 Ethereum USDC/WETH 0.05%,0x88e6a0c2ddd26feeb64f039a2c41296fcb3f5640,54,83,117,1499475.880639,576.9344797307836,2074317.291401,367.2938684019676,0.9999873145493582,2462.1284419556637,2919943.6508017834,2978615.6576997894,-58672.00689800596,defillama_hourly_mean_v1
2026-09-06,ethereum,Uniswap V3 Ethereum USDC/WETH 0.05%,0x88e6a0c2ddd26feeb64f039a2c41296fcb3f5640,52,79,105,814622.761546,507.0481234204376,1135212.437841,373.65516818972594,0.9999650827789517,2497.2460677150616,2080818.2495369532,2068281.6988205742,12536.550716378959,defillama_hourly_mean_v1
2026-09-07,ethereum,Uniswap V3 Ethereum USDC/WETH 0.05%,0x88e6a0c2ddd26feeb64f039a2c41296fcb3f5640,47,66,98,449410.150415,395.98187293912565,313012.231111,432.1078373449782,0.9999091517526089,2495.4035062587495,1437503.8764376757,1391267.2068909355,46236.66954674013,defillama_hourly_mean_v1
2026-09-08,ethereum,Uniswap V3 Ethereum USDC/WETH 0.05%,0x88e6a0c2ddd26feeb64f039a2c41296fcb3f5640,52,56,91,779592.143647,539.4264577531375,731262.355836,512.7036516059605,0.9998954222460581,2483.8900146504243,2119386.6077028937,2004685.3627601396,114701.24494275404,defillama_hourly_mean_v1
2026-09-09,ethereum,Uniswap V3 Ethereum USDC/WETH 0.05%,0x88e6a0c2ddd26feeb64f039a2c41296fcb3f5640,82,76,129,1769909.979358,756.5000621977058,1259676.639404,800.2965081512499,0.9999230319731481,2491.9345976662194,3654922.4310062933,3253866.241632159,401056.1893741344,defillama_hourly_mean_v1
2026-09-10,ethereum,Uniswap V3 Ethereum USDC/WETH 0.05%,0x88e6a0c2ddd26feeb64f039a2c41296fcb3f5640,53,92,109,820490.2318,790.0641645448477,656669.200704,877.2008072564149,0.9998570298719418,2461.0667365271215,2764773.561289904,2815425.044617785,-50651.48332788097,defillama_hourly_mean_v1
2026-09-11,ethereum,Uniswap V3 Ethereum USDC/WETH 0.05%,0x88e6a0c2ddd26feeb64f039a2c41296fcb3f5640,107,129,189,1416986.437633,851.4927585714481,1851526.047912,727.1717130245291,0.9998734772860036,2501.4883858141734,3546806.402834564,3670303.38243484,-123496.97960027587,defillama_hourly_mean_v1
2026-09-12,ethereum,Uniswap V3 Ethereum USDC/WETH 0.05%,0x88e6a0c2ddd26feeb64f039a2c41296fcb3f5640,55,73,111,1481701.59979,744.0520492431586,1327288.81409,640.319949956712,0.9998791132835302,2524.897909724975,3360177.9456094485,2943870.8657043604,416307.07990508806,defillama_hourly_mean_v1
2026-09-13,ethereum,Uniswap V3 Ethereum USDC/WETH 0.05%,0x88e6a0c2ddd26feeb64f039a2c41296fcb3f5640,28,69,80,551981.855052,262.04124706503325,908469.640921,204.50727688720178,0.9998363973777642,2503.128417396939,1207814.441431704,1420228.9892463428,-212414.54781463882,defillama_hourly_mean_v1
2026-09-14,ethereum,Uniswap V3 Ethereum USDC/WETH 0.05%,0x88e6a0c2ddd26feeb64f039a2c41296fcb3f5640,70,123,137,1607113.960002,581.2294191969461,2208311.328995,510.00600705235,0.9998268207730797,2516.9203707545826,3069743.806507482,3491573.4037035103,-421829.5971960281,defillama_hourly_mean_v1
2026-09-15,ethereum,Uniswap V3 Ethereum USDC/WETH 0.05%,0x88e6a0c2ddd26feeb64f039a2c41296fcb3f5640,60,98,108,987944.143244,803.7646454624326,832992.102094,870.3011576937862,0.9997857431403161,2459.92243277896,2964931.1514819907,2973686.9689065074,-8755.81742451666,defillama_hourly_mean_v1
2026-09-16,ethereum,Uniswap V3 Ethereum USDC/WETH 0.05%,0x88e6a0c2ddd26feeb64f039a2c41296fcb3f5640,75,82,125,512209.998619,239.55154706265577,405681.90775,264.0799601565421,0.9996965008881468,2399.3874329211753,1086831.5148982985,1039188.9213372348,47642.59356106375,defillama_hourly_mean_v1
2026-09-17,ethereum,Uniswap V3 Ethereum USDC/WETH 0.05%,0x88e6a0c2ddd26feeb64f039a2c41296fcb3f5640,53,77,107,840900.410709,358.91709084320354,1401746.235107,567.3712035458384,0.9996082738424632,2443.832041807715,1717704.0949772731,2787757.0612648064,-1070052.9662875333,defillama_hourly_mean_v1
2026-09-18,ethereum,Uniswap V3 Ethereum USDC/WETH 0.05%,0x88e6a0c2ddd26feeb64f039a2c41296fcb3f5640,129,175,223,2155890.533035,696.1073673495722,2516364.765676,573.4393333080317,0.9996268307928361,2532.850308276956,3918221.7810592796,3967861.7279788377,-49639.946919558104,defillama_hourly_mean_v1
2026-09-19,ethereum,Uniswap V3 Ethereum USDC/WETH 0.05%,0x88e6a0c2ddd26feeb64f039a2c41296fcb3f5640,54,101,136,526646.526116,155.09398430823228,966677.61673,147.27151216944904,0.9997373479855437,2632.2490087488204,934754.1878032588,1354079.008831608,-419324.82102834934,defillama_hourly_mean_v1
2026-09-20,ethereum,Uniswap V3 Ethereum USDC/WETH 0.05%,0x88e6a0c2ddd26feeb64f039a2c41296fcb3f5640,38,77,97,498767.41947,145.30884577275677,525769.278885,135.02509887980847,0.9996939783554901,2601.14299022981,876583.8714442567,876827.9715619436,-244.1001176869031,defillama_hourly_mean_v1
2026-09-21,ethereum,Uniswap V3 Ethereum USDC/WETH 0.05%,0x88e6a0c2ddd26feeb64f039a2c41296fcb3f5640,139,202,280,3870542.28481,948.7843800879746,10407768.938522,682.2348872585387,0.9997945781514616,2713.9423562594934,6444693.306937169,12257177.112836357,-5812483.805899188,defillama_hourly_mean_v1
2026-09-22,ethereum,Uniswap V3 Ethereum USDC/WETH 0.05%,0x88e6a0c2ddd26feeb64f039a2c41296fcb3f5640,64,112,145,1017428.800817,163.70004841305843,1137191.728531,127.38632707022008,0.999854593685157,2746.923356512922,1466952.3466925842,1486946.850802066,-19994.504109481815,defillama_hourly_mean_v1
2026-09-23,ethereum,Uniswap V3 Ethereum USDC/WETH 0.05%,0x88e6a0c2ddd26feeb64f039a2c41296fcb3f5640,50,98,109,728196.790194,240.62128420011544,1407432.858113,316.8568486201846,0.9998584237827269,2718.5051403255593,1382223.892816765,2268610.570814212,-886386.6779974469,defillama_hourly_mean_v1
2026-09-24,ethereum,Uniswap V3 Ethereum USDC/WETH 0.05%,0x88e6a0c2ddd26feeb64f039a2c41296fcb3f5640,31,49,70,387902.059846,142.1274028712568,376220.887991,127.34789987883035,0.9998277103965778,2674.7903582204126,767996.2351928884,716785.0037789228,51211.23141396558,defillama_hourly_mean_v1
2026-09-25,ethereum,Uniswap V3 Ethereum USDC/WETH 0.05%,0x88e6a0c2ddd26feeb64f039a2c41296fcb3f5640,50,83,109,849439.852273,543.5954154460276,1070823.001952,431.76677040923045,0.9998683414590491,2689.8001172321055,2311491.0284549845,2232048.328621622,79442.69983336236,defillama_hourly_mean_v1
2026-09-26,ethereum,Uniswap V3 Ethereum USDC/WETH 0.05%,0x88e6a0c2ddd26feeb64f039a2c41296fcb3f5640,30,47,59,817060.748105,200.17650661091994,519737.522365,191.72701348090288,0.9998887569131437,2687.4417254978675,1354932.5520758177,1034934.8810923276,319997.67098349007,defillama_hourly_mean_v1
2026-09-27,ethereum,Uniswap V3 Ethereum USDC/WETH 0.05%,0x88e6a0c2ddd26feeb64f039a2c41296fcb3f5640,38,56,73,938084.742502,312.64714027395166,1198286.932231,275.2889457661817,0.9998588795808357,2697.9380108003547,1781454.963303051,1940830.3402125835,-159375.37690953258,defillama_hourly_mean_v1
2026-09-28,ethereum,Uniswap V3 Ethereum USDC/WETH 0.05%,0x88e6a0c2ddd26feeb64f039a2c41296fcb3f5640,30,58,65,885599.721867,393.44779569234527,862546.490972,688.8539501006676,0.9998434215944898,2668.5752672068093,1935406.1125962602,2700670.0487741204,-765263.9361778602,defillama_hourly_mean_v1
2026-09-29,ethereum,Uniswap V3 Ethereum USDC/WETH 0.05%,0x88e6a0c2ddd26feeb64f039a2c41296fcb3f5640,33,62,69,194622.385738,127.82072673497214,276566.205759,161.22926633772494,0.9998985773272056,2692.107634666256,538709.8009272607,710584.6945146357,-171874.89358737506,defillama_hourly_mean_v1
2026-09-30,ethereum,Uniswap V3 Ethereum USDC/WETH 0.05%,0x88e6a0c2ddd26feeb64f039a2c41296fcb3f5640,37,61,79,611127.556344,174.2128057964584,470607.576175,224.03515509421698,0.9998169721122654,2681.823607711157,1078223.7183087673,1071344.2097532824,6879.508555484936,defillama_hourly_mean_v1
2026-10-01,ethereum,Uniswap V3 Ethereum USDC/WETH 0.05%,0x88e6a0c2ddd26feeb64f039a2c41296fcb3f5640,27,59,75,468724.334753,185.63545591257014,542091.461013,171.96257495857287,0.9998591807921509,2693.5712233317518,968680.6514396495,1005208.5675213195,-36527.91608166997,defillama_hourly_mean_v1
2026-10-02,ethereum,Uniswap V3 Ethereum USDC/WETH 0.05%,0x88e6a0c2ddd26feeb64f039a2c41296fcb3f5640,35,91,94,659614.556445,365.91244819413987,628116.833455,387.00278092468676,0.9999160759761665,2711.722165693099,1651812.095408321,1677508.1385812424,-25696.04317292152,defillama_hourly_mean_v1
2026-10-03,ethereum,Uniswap V3 Ethereum USDC/WETH 0.05%,0x88e6a0c2ddd26feeb64f039a2c41296fcb3f5640,15,22,31,371786.868224,106.9161774059774,307924.47856,102.79441195443209,0.9999653278294965,2681.336394848797,658452.2152430718,583540.2001104762,74912.01513259555,defillama_hourly_mean_v1
2026-10-04,ethereum,Uniswap V3 Ethereum USDC/WETH 0.05%,0x88e6a0c2ddd26feeb64f039a2c41296fcb3f5640,43,85,81,580903.887287,573.1571223354039,1295298.867011,547.2090224741938,0.9999797481383653,2699.0698256725423,2127883.2171666464,2772227.995693434,-644344.7785267876,defillama_hourly_mean_v1
2026-07-07,arbitrum,Uniswap V3 Arbitrum USDC/WETH 0.05%,0xc6962004f452be9203591991d15f6b388e09e8d0,355,547,770,441.19829149257737,762798.180447,778.596651691012,766510.886124,1781.921863767195,0.9998972073567757,1548900.6522731408,2153830.4911481002,-604929.8388749594,defillama_hourly_mean_v1
2026-07-08,arbitrum,Uniswap V3 Arbitrum USDC/WETH 0.05%,0xc6962004f452be9203591991d15f6b388e09e8d0,344,582,762,401.8135220304682,477181.942666,514.2779696434504,448567.391964,1743.7279045985222,0.9998696838853434,1177773.208978788,1345269.782791874,-167496.5738130859,defillama_hourly_mean_v1
2026-07-09,arbitrum,Uniswap V3 Arbitrum USDC/WETH 0.05%,0xc6962004f452be9203591991d15f6b388e09e8d0,289,449,596,769.8616009424187,839234.105405,773.5810791054267,808426.395082,1743.213315540918,0.9998379608657216,2181131.1105235764,2156812.2361159055,24318.874407670926,defillama_hourly_mean_v1
2026-07-10,arbitrum,Uniswap V3 Arbitrum USDC/WETH 0.05%,0xc6962004f452be9203591991d15f6b388e09e8d0,394,569,817,498.2727002959263,1538062.788701,496.58600131806463,1501409.444598,1782.2494857421918,0.9998064551563464,2425811.368440819,2386159.0000176774,39652.36842314154,defillama_hourly_mean_v1
2026-07-11,arbitrum,Uniswap V3 Arbitrum USDC/WETH 0.05%,0xc6962004f452be9203591991d15f6b388e09e8d0,388,610,771,170.61879260201923,385568.496542,128.86843051904037,640017.742287,1805.3041019007287,0.9998752574239872,693539.205880287,872584.6110466658,-179045.40516637883,defillama_hourly_mean_v1
2026-07-12,arbitrum,Uniswap V3 Arbitrum USDC/WETH 0.05%,0xc6962004f452be9203591991d15f6b388e09e8d0,332,539,755,285.737467919079,702920.831213,245.65235647395528,743754.909006,1806.9911123068769,0.9998017672474551,1219106.5542646544,1187499.0972888467,31607.45697580767,defillama_hourly_mean_v1
2026-07-13,arbitrum,Uniswap V3 Arbitrum USDC/WETH 0.05%,0xc6962004f452be9203591991d15f6b388e09e8d0,397,640,865,167.52330387627197,473592.962269,210.53878748064614,464213.683918,1779.7071751078981,0.9997903289227484,771636.0894288043,838813.7424526408,-67177.65302383644,defillama_hourly_mean_v1
2026-07-14,arbitrum,Uniswap V3 Arbitrum USDC/WETH 0.05%,0xc6962004f452be9203591991d15f6b388e09e8d0,645,951,1330,370.59621537803633,1596384.402293,182.76463624887444,2117414.487245,1824.5139891041688,0.9998559270045103,2272312.385676497,2450566.060546736,-178253.67487023864,defillama_hourly_mean_v1
2026-07-15,arbitrum,Uniswap V3 Arbitrum USDC/WETH 0.05%,0xc6962004f452be9203591991d15f6b388e09e8d0,804,1241,1676,435.1633546448512,1696667.953761,188.0912222479996,2317996.546406,1898.4924238767524,0.9998414512070563,2522553.2810469475,2674718.7912870655,-152165.51024011802,defillama_hourly_mean_v1
2026-07-16,arbitrum,Uniswap V3 Arbitrum USDC/WETH 0.05%,0xc6962004f452be9203591991d15f6b388e09e8d0,597,777,1027,785.1357398067285,1241988.854739,762.0295268370867,1198593.691936,1893.0361527989432,0.9998681744907527,2728115.469234426,2640985.1305150576,87130.33871936845,defillama_hourly_mean_v1
2026-07-17,arbitrum,Uniswap V3 Arbitrum USDC/WETH 0.05%,0xc6962004f452be9203591991d15f6b388e09e8d0,528,707,916,1294.9267829076377,1432428.855899,1462.2981371323522,1218979.998393,1838.3595257092772,0.999918002492327,3812852.386757223,3907109.754895419,-94257.36813819595,defillama_hourly_mean_v1
2026-07-18,arbitrum,Uniswap V3 Arbitrum USDC/WETH 0.05%,0xc6962004f452be9203591991d15f6b388e09e8d0,314,451,593,193.37065130332013,249351.040387,178.1647192496107,296184.201135,1846.522739808878,0.9998984788636109,606389.0308292541,625139.337704391,-18750.306875136914,defillama_hourly_mean_v1
2026-07-19,arbitrum,Uniswap V3 Arbitrum USDC/WETH 0.05%,0xc6962004f452be9203591991d15f6b388e09e8d0,499,629,786,403.0888274018901,577773.318276,377.72542999007004,637804.732995,1866.5918118166692,0.9998532102499236,1330090.81173816,1342770.3045320413,-12679.492793881334,defillama_hourly_mean_v1
2026-07-20,arbitrum,Uniswap V3 Arbitrum USDC/WETH 0.05%,0xc6962004f452be9203591991d15f6b388e09e8d0,842,927,1212,225.66867938090218,403413.135512,210.1954807999961,385828.269866,1879.1878747569854,0.9998329843990462,827419.6052297528,780760.6293737107,46658.97585604212,defillama_hourly_mean_v1
2026-07-21,arbitrum,Uniswap V3 Arbitrum USDC/WETH 0.05%,0xc6962004f452be9203591991d15f6b388e09e8d0,760,1010,1243,672.3902992018641,1514932.308101,555.1412531978326,1834839.222554,1926.7826118416879,0.9998680067425502,2810282.2841240196,2904233.5499257063,-93951.2658016868,defillama_hourly_mean_v1
2026-07-22,arbitrum,Uniswap V3 Arbitrum USDC/WETH 0.05%,0xc6962004f452be9203591991d15f6b388e09e8d0,828,909,1184,303.4328841174354,808328.755178,265.7060037101721,987012.337491,1930.3047097054732,0.9998926899686477,1393959.9386853394,1499799.971524884,-105840.03283954458,defillama_hourly_mean_v1
2026-07-23,arbitrum,Uniswap V3 Arbitrum USDC/WETH 0.05%,0xc6962004f452be9203591991d15f6b388e09e8d0,825,813,1114,486.4950532192039,781267.686551,597.8467466043246,602801.425285,1908.3362717470957,0.9999177715659827,1709599.600216327,1743644.489358803,-34044.88914247602,defillama_hourly_mean_v1
2026-07-24,arbitrum,Uniswap V3 Arbitrum USDC/WETH 0.05%,0xc6962004f452be9203591991d15f6b388e09e8d0,1039,1063,1366,750.3804042262213,1117157.225941,810.1318032292835,823845.453666,1870.7448187594828,0.99992256902873,2520840.976676784,2339331.535915805,181509.44076097896,defillama_hourly_mean_v1
2026-07-25,arbitrum,Uniswap V3 Arbitrum USDC/WETH 0.05%,0xc6962004f452be9203591991d15f6b388e09e8d0,646,723,840,438.63499845142263,553286.4742,414.6927590430986,614457.334714,1863.6528932839274,0.999974754423496,1370735.8901235717,1387285.182598913,-16549.292475341354,defillama_hourly_mean_v1
2026-07-26,arbitrum,Uniswap V3 Arbitrum USDC/WETH 0.05%,0xc6962004f452be9203591991d15f6b388e09e8d0,708,773,1025,656.289494342366,1072793.489571,397.6130341848373,1443822.303146,1894.068200910744,0.9999522584185861,2315799.3345389445,2196859.5771031044,118939.75743584009,defillama_hourly_mean_v1
2026-07-27,arbitrum,Uniswap V3 Arbitrum USDC/WETH 0.05%,0xc6962004f452be9203591991d15f6b388e09e8d0,1236,1292,1660,509.77114140492637,1552973.367912,344.59982226483646,1636643.678707,1946.1708882799924,0.9999026901399883,2544924.003378498,2307134.5593380206,237789.44404047728,defillama_hourly_mean_v1
2026-07-28,arbitrum,Uniswap V3 Arbitrum USDC/WETH 0.05%,0xc6962004f452be9203591991d15f6b388e09e8d0,1274,1202,1508,540.8737703840679,842249.48892,599.6441341801133,694045.951037,1892.6019515121955,0.999878407597712,1865805.8311319626,1828849.2188846383,36956.612247324316,defillama_hourly_mean_v1
2026-07-29,arbitrum,Uniswap V3 Arbitrum USDC/WETH 0.05%,0xc6962004f452be9203591991d15f6b388e09e8d0,534,798,975,264.7059439393172,502672.687528,289.1252942889363,497196.355992,1905.0279033099778,0.9998021136531136,1006845.4248425914,1047889.72079456,-41044.29595196864,defillama_hourly_mean_v1
2026-07-30,arbitrum,Uniswap V3 Arbitrum USDC/WETH 0.05%,0xc6962004f452be9203591991d15f6b388e09e8d0,414,598,802,321.45991705299747,523988.228093,254.95133355068015,556189.816898,1913.0016584985822,0.9997294153716267,1138799.7993962304,1043761.644401966,95038.15499426436,defillama_hourly_mean_v1
2026-07-31,arbitrum,Uniswap V3 Arbitrum USDC/WETH 0.05%,0xc6962004f452be9203591991d15f6b388e09e8d0,1145,1216,1363,408.9093968012008,575175.289976,472.1911659085153,443245.61381,1884.4355169121927,0.9997848195214352,1345614.9140131678,1332964.0398168827,12650.874196285149,defillama_hourly_mean_v1
2026-08-01,arbitrum,Uniswap V3 Arbitrum USDC/WETH 0.05%,0xc6962004f452be9203591991d15f6b388e09e8d0,663,826,1023,600.6188741167829,829424.048111,721.1677157764512,620663.940907,1862.0767121642284,0.9998764656109685,1947720.0040971283,1963456.8766782673,-15736.872581138974,defillama_hourly_mean_v1
2026-08-02,arbitrum,Uniswap V3 Arbitrum USDC/WETH 0.05%,0xc6962004f452be9203591991d15f6b388e09e8d0,780,974,1003,266.17038239145194,427606.0893,248.08235909727208,506037.224171,1868.157165803914,0.9998261328231854,924779.8498258236,969406.077764579,-44626.227938755415,defillama_hourly_mean_v1
2026-08-03,arbitrum,Uniswap V3 Arbitrum USDC/WETH 0.05%,0xc6962004f452be9203591991d15f6b388e09e8d0,645,753,1063,598.7483539806989,756383.012417,638.1523229984658,627614.168348,1859.6882065133286,0.9997824056984759,1869703.680350902,1814241.952120743,55461.72823015903,defillama_hourly_mean_v1
2026-08-04,arbitrum,Uniswap V3 Arbitrum USDC/WETH 0.05%,0xc6962004f452be9203591991d15f6b388e09e8d0,485,604,827,656.3003458217484,865616.003243,646.984825674778,847981.835809,1867.7077916956634,0.9997083537052611,2091140.8191268253,2056113.1250702236,35027.69405660173,defillama_hourly_mean_v1
2026-08-05,arbitrum,Uniswap V3 Arbitrum USDC/WETH 0.05%,0xc6962004f452be9203591991d15f6b388e09e8d0,601,829,1037,505.6127721471137,823718.121255,346.91294737672615,972035.811525,1882.4348159747194,0.9996523255767041,1775214.821223454,1624738.8697891603,150475.95143429376,defillama_hourly_mean_v1
2026-08-06,arbitrum,Uniswap V3 Arbitrum USDC/WETH 0.05%,0xc6962004f452be9203591991d15f6b388e09e8d0,915,1128,825,204.9423568515032,402082.849931,209.9062469647457,494507.260837,1906.3631713131172,0.9995318739376359,792589.1858135338,894433.3077423209,-101844.12192878709,defillama_hourly_mean_v1
2026-08-07,arbitrum,Uniswap V3 Arbitrum USDC/WETH 0.05%,0xc6962004f452be9203591991d15f6b388e09e8d0,406,604,804,611.3452609207139,1191322.564262,590.6236841683616,1441746.29687,1909.1058078879744,0.9996431208862582,2358020.1943696095,2568794.873451344,-210774.67908173474,defillama_hourly_mean_v1
2026-08-08,arbitrum,Uniswap V3 Arbitrum USDC/WETH 0.05%,0xc6962004f452be9203591991d15f6b388e09e8d0,216,370,506,566.4594189050747,902016.873251,581.451892832814,958673.60097,1917.6903674247849,0.9996830241359059,1988024.7268444765,2073414.4185833442,-85389.69173886767,defillama_hourly_mean_v1
2026-08-09,arbitrum,Uniswap V3 Arbitrum USDC/WETH 0.05%,0xc6962004f452be9203591991d15f6b388e09e8d0,237,430,566,340.0531013766786,638116.469386,322.8401951932853,634645.048908,1918.489754377956,0.9996318550303344,1290269.940953341,1253777.0143054186,36492.92664792249,defillama_hourly_mean_v1
2026-08-10,arbitrum,Uniswap V3 Arbitrum USDC/WETH 0.05%,0xc6962004f452be9203591991d15f6b388e09e8d0,354,560,736,367.5749279587587,483579.604147,564.3635728808946,436076.878953,1901.3107974655343,0.9996344700613878,1182277.0207295858,1508948.034612878,-326671.0138832922,defillama_hourly_mean_v1
2026-08-11,arbitrum,Uniswap V3 Arbitrum USDC/WETH 0.05%,0xc6962004f452be9203591991d15f6b388e09e8d0,308,461,608,358.32858906787885,501131.833638,457.90972636068784,352770.361031,1876.2190809699657,0.9996296692453795,1173249.1851740847,1211778.68527665,-38529.50010256516,defillama_hourly_mean_v1
2026-08-12,arbitrum,Uniswap V3 Arbitrum USDC/WETH 0.05%,0xc6962004f452be9203591991d15f6b388e09e8d0,379,513,672,362.56648891944366,701247.992596,261.27030427216704,759115.835958,1889.1250131837369,0.9995924719599828,1385895.6375359364,1252378.7419719025,133516.89556403388,defillama_hourly_mean_v1
2026-08-13,arbitrum,Uniswap V3 Arbitrum USDC/WETH 0.05%,0xc6962004f452be9203591991d15f6b388e09e8d0,359,584,670,319.0939147089942,497815.835719,305.74293295898786,448655.166988,1884.6973144427495,0.999523896727882,1098974.2680777672,1024674.4454525984,74299.82262516883,defillama_hourly_mean_v1
2026-08-14,arbitrum,Uniswap V3 Arbitrum USDC/WETH 0.05%,0xc6962004f452be9203591991d15f6b388e09e8d0,368,553,671,450.92895461583197,601189.69382,455.93929190387377,567521.092403,1877.6611646295103,0.9996039789012025,1447643.3961059982,1423395.8439129777,24247.55219302047,defillama_hourly_mean_v1
2026-08-15,arbitrum,Uniswap V3 Arbitrum USDC/WETH 0.05%,0xc6962004f452be9203591991d15f6b388e09e8d0,195,301,418,165.24817918756455,242731.817638,174.99448531320581,207694.119384,1880.8487430409114,0.9996068178961877,553443.209946009,536750.6155136256,16692.594432383426,defillama_hourly_mean_v1
2026-08-16,arbitrum,Uniswap V3 Arbitrum USDC/WETH 0.05%,0xc6962004f452be9203591991d15f6b388e09e8d0,269,490,520,168.08609358102944,225193.784421,269.33792791028776,249523.331706,1880.3326330700274,0.9996287708528441,541167.9528501367,755875.5965455519,-214707.64369541523,defillama_hourly_mean_v1
2026-08-17,arbitrum,Uniswap V3 Arbitrum USDC/WETH 0.05%,0xc6962004f452be9203591991d15f6b388e09e8d0,470,655,676,336.9410326357814,613907.058861,272.9270635378397,733107.35226,1899.7212483167975,0.9995907609903361,1253749.8632722036,1251292.6779767263,2457.1852954772767,defillama_hourly_mean_v1
2026-08-18,arbitrum,Uniswap V3 Arbitrum USDC/WETH 0.05%,0xc6962004f452be9203591991d15f6b388e09e8d0,269,478,590,300.83487208481785,477188.648592,304.7677366674131,529397.148203,1903.3438742334095,0.9996786767198954,1049627.5277086352,1109304.8452247628,-59677.3175161276,defillama_hourly_mean_v1
2026-08-19,arbitrum,Uniswap V3 Arbitrum USDC/WETH 0.05%,0xc6962004f452be9203591991d15f6b388e09e8d0,1926,2442,3281,1454.9225680386376,6277414.843013,746.7258557029587,9214699.561974,1996.1252206287545,0.999739141407121,9179984.957534013,10702854.141876724,-1522869.1843427103,defillama_hourly_mean_v1
2026-08-20,arbitrum,Uniswap V3 Arbitrum USDC/WETH 0.05%,0xc6962004f452be9203591991d15f6b388e09e8d0,1790,2357,3141,721.2811634000482,5351231.2434,296.57705098050934,7453800.254861,2285.7610828458232,0.999667381972812,6998127.740510383,8129225.2677216055,-1131097.5272112228,defillama_hourly_mean_v1
2026-08-21,arbitrum,Uniswap V3 Arbitrum USDC/WETH 0.05%,0xc6962004f452be9203591991d15f6b388e09e8d0,2268,2836,3860,1117.6061831280965,19403919.910293,1213.9663932524722,19915137.976993,2394.633315205056,0.9997892568485524,22076087.666458372,22817945.366875906,-741857.7004175335,defillama_hourly_mean_v1
2026-08-22,arbitrum,Uniswap V3 Arbitrum USDC/WETH 0.05%,0xc6962004f452be9203591991d15f6b388e09e8d0,928,1246,1803,465.13346379588404,2601225.745669,441.0242478093763,2730606.785644,2447.438167740553,0.9998927158944553,3739332.0678789713,3809693.411925143,-70361.34404617175,defillama_hourly_mean_v1
2026-08-23,arbitrum,Uniswap V3 Arbitrum USDC/WETH 0.05%,0xc6962004f452be9203591991d15f6b388e09e8d0,724,921,1366,258.70112729989415,2103548.150968,188.52608028856346,2295828.723286,2426.6041834563057,0.9998976368417712,2731098.062906566,2753071.8901259797,-21973.827219413593,defillama_hourly_mean_v1
2026-08-24,arbitrum,Uniswap V3 Arbitrum USDC/WETH 0.05%,0xc6962004f452be9203591991d15f6b388e09e8d0,838,1150,1653,295.2583099167241,7091025.531048,119.44340843600337,7416717.170694,2467.836568910199,0.9998853054317944,7818861.483423694,7710633.324774251,108228.15864944272,defillama_hourly_mean_v1
2026-08-25,arbitrum,Uniswap V3 Arbitrum USDC/WETH 0.05%,0xc6962004f452be9203591991d15f6b388e09e8d0,672,926,1353,256.90849379892995,12784769.207928,115.86524054825924,12943220.092722,2477.6366474799547,0.9999083320607499,13420123.153766027,13229105.58056029,191017.5732057374,defillama_hourly_mean_v1
2026-08-26,arbitrum,Uniswap V3 Arbitrum USDC/WETH 0.05%,0xc6962004f452be9203591991d15f6b388e09e8d0,1001,1219,1089,194.69175519562515,11002028.091625,94.43383746776904,11186907.245813,2461.501875384272,0.9999229459437976,11480414.461269975,11418494.317259995,61920.14400997944,defillama_hourly_mean_v1
2026-08-27,arbitrum,Uniswap V3 Arbitrum USDC/WETH 0.05%,0xc6962004f452be9203591991d15f6b388e09e8d0,779,1087,1490,365.21425234078123,13640757.312059,202.96100546452197,14366979.201772,2506.0913444835396,0.9999635383800497,14555520.224623313,14875094.177498827,-319573.9528755136,defillama_hourly_mean_v1
2026-08-28,arbitrum,Uniswap V3 Arbitrum USDC/WETH 0.05%,0xc6962004f452be9203591991d15f6b388e09e8d0,527,792,1043,216.08045027631945,9597658.943996,353.64370413986353,9548765.113556,2481.042689391077,0.9999831032104419,10133601.595850967,10426008.896886725,-292407.3010357581,defillama_hourly_mean_v1
2026-08-29,arbitrum,Uniswap V3 Arbitrum USDC/WETH 0.05%,0xc6962004f452be9203591991d15f6b388e09e8d0,308,486,674,271.0215497795637,434895.678595,284.35956193159575,530052.743417,2442.8690702560666,0.9999836696029879,1096958.7379052707,1224697.2661195225,-127738.52821425186,defillama_hourly_mean_v1
2026-08-30,arbitrum,Uniswap V3 Arbitrum USDC/WETH 0.05%,0xc6962004f452be9203591991d15f6b388e09e8d0,2152,2413,1143,394.75889180659044,5196606.313097,357.9173897572842,5369996.825948,2472.213934975923,0.9999044618543351,6172038.272246002,6254332.144937189,-82293.87269118708,defillama_hourly_mean_v1
2026-08-31,arbitrum,Uniswap V3 Arbitrum USDC/WETH 0.05%,0xc6962004f452be9203591991d15f6b388e09e8d0,548,871,1156,311.79559702172634,718359.278467,312.3971854518786,749171.485002,2448.6981283920104,0.999862963727085,1481754.1320568358,1514035.224664868,-32281.092608032282,defillama_hourly_mean_v1
2026-09-01,arbitrum,Uniswap V3 Arbitrum USDC/WETH 0.05%,0xc6962004f452be9203591991d15f6b388e09e8d0,540,830,1105,254.83638374624448,449276.7727,407.9389281826135,635531.477273,2448.43135331241,0.9998425552110368,1073155.428342394,1634241.8781526517,-561086.4498102576,defillama_hourly_mean_v1
2026-09-02,arbitrum,Uniswap V3 Arbitrum USDC/WETH 0.05%,0xc6962004f452be9203591991d15f6b388e09e8d0,718,957,1265,779.4762264814786,1199194.326468,795.6111882114092,1214951.723347,2397.027632606345,0.9997725274115155,3067347.596466288,3121777.3580871215,-54429.76162083354,defillama_hourly_mean_v1
2026-09-03,arbitrum,Uniswap V3 Arbitrum USDC/WETH 0.05%,0xc6962004f452be9203591991d15f6b388e09e8d0,703,940,1282,555.9611752115787,1100217.594741,364.5884369237101,1628748.953829,2440.4846071271863,0.9998714963759531,2456890.903057034,2518312.121934646,-61421.21887761168,defillama_hourly_mean_v1
2026-09-04,arbitrum,Uniswap V3 Arbitrum USDC/WETH 0.05%,0xc6962004f452be9203591991d15f6b388e09e8d0,638,830,1184,285.3179718101097,644828.544761,196.56310880277235,678380.540803,2485.0630779895127,0.9999202474581613,1353810.2752776614,1166798.162411142,187012.11286651948,defillama_hourly_mean_v1
2026-09-05,arbitrum,Uniswap V3 Arbitrum USDC/WETH 0.05%,0xc6962004f452be9203591991d15f6b388e09e8d0,412,572,759,127.22963779133596,1887999.47064,164.99906541478674,1898474.410762,2462.1284419556637,0.9999873145493582,2201231.2303816685,2304699.219612417,-103467.98923074827,defillama_hourly_mean_v1
2026-09-06,arbitrum,Uniswap V3 Arbitrum USDC/WETH 0.05%,0xc6962004f452be9203591991d15f6b388e09e8d0,797,1001,1198,17155.54522627803,39538233.162973,17114.28146162304,39603046.907247,2497.2460677150616,0.9999650827789517,82378470.4535765,82340236.16071087,38234.292865633965,defillama_hourly_mean_v1
2026-09-07,arbitrum,Uniswap V3 Arbitrum USDC/WETH 0.05%,0xc6962004f452be9203591991d15f6b388e09e8d0,374,603,794,207.9719543302855,9746144.830111,213.1908380356739,9761500.240112,2495.4035062587495,0.9999091517526089,10264233.353973644,10292610.58965974,-28377.23568609543,defillama_hourly_mean_v1
2026-09-08,arbitrum,Uniswap V3 Arbitrum USDC/WETH 0.05%,0xc6962004f452be9203591991d15f6b388e09e8d0,448,628,825,231.32943422270125,8233572.178293,201.36002199994294,8236484.272317,2483.8900146504243,0.9998954222460581,8807308.001568176,8735779.067286871,71528.93428130448,defillama_hourly_mean_v1
2026-09-09,arbitrum,Uniswap V3 Arbitrum USDC/WETH 0.05%,0xc6962004f452be9203591991d15f6b388e09e8d0,562,803,1013,153.23187355925455,11731891.069189,164.62662651033224,11824719.715956,2491.9345976662194,0.9999230319731481,12112831.895869685,12234048.37690956,-121216.48103987426,defillama_hourly_mean_v1
2026-09-10,arbitrum,Uniswap V3 Arbitrum USDC/WETH 0.05%,0xc6962004f452be9203591991d15f6b388e09e8d0,486,777,975,170.80028225320996,7587839.249642,233.47778131799856,7463556.67058,2461.0667365271215,0.9998570298719418,8007105.308535611,8037094.006246917,-29988.697711305693,defillama_hourly_mean_v1
2026-09-11,arbitrum,Uniswap V3 Arbitrum USDC/WETH 0.05%,0xc6962004f452be9203591991d15f6b388e09e8d0,1242,1653,2109,439.851904097548,10589614.839299,211.16341612779055,10977221.844416,2501.4883858141734,0.9998734772860036,11688559.442067621,11504055.809468616,184503.63259900548,defillama_hourly_mean_v1
2026-09-12,arbitrum,Uniswap V3 Arbitrum USDC/WETH 0.05%,0xc6962004f452be9203591991d15f6b388e09e8d0,727,968,891,318.0114316572565,9823229.611696,358.40144054834207,10181851.341813,2524.897909724975,0.9998791132835302,10624988.512783166,11085547.539319633,-460559.02653646655,defillama_hourly_mean_v1
2026-09-13,arbitrum,Uniswap V3 Arbitrum USDC/WETH 0.05%,0xc6962004f452be9203591991d15f6b388e09e8d0,519,701,915,192.76170710466445,4331147.857066,262.3172841547983,4183070.080199,2503.128417396939,0.9998363973777642,4812946.576758924,4838999.567307146,-26052.990548222326,defillama_hourly_mean_v1
2026-09-14,arbitrum,Uniswap V3 Arbitrum USDC/WETH 0.05%,0xc6962004f452be9203591991d15f6b388e09e8d0,991,1259,1223,247.06387611800898,14313446.409563,154.4916941131364,14457144.748395,2516.9203707545826,0.9998268207730797,14932807.72065823,14843484.363269737,89323.35738849267,defillama_hourly_mean_v1
2026-09-15,arbitrum,Uniswap V3 Arbitrum USDC/WETH 0.05%,0xc6962004f452be9203591991d15f6b388e09e8d0,1115,1323,1639,638.4299675176943,1119215.557714,859.9346053100853,621777.18417,2459.92243277896,0.9997857431403161,2689463.956958414,2737016.3904682966,-47552.43350988254,defillama_hourly_mean_v1
2026-09-16,arbitrum,Uniswap V3 Arbitrum USDC/WETH 0.05%,0xc6962004f452be9203591991d15f6b388e09e8d0,577,790,1028,290.5439497971398,386020.711254,297.2405184481414,271692.81447,2399.3874329211753,0.9996965008881468,1083031.0561655154,984805.5204615567,98225.53570395871,defillama_hourly_mean_v1
2026-09-17,arbitrum,Uniswap V3 Arbitrum USDC/WETH 0.05%,0xc6962004f452be9203591991d15f6b388e09e8d0,621,840,1042,217.6026149791338,428596.281331,116.76687988732424,571774.825823,2443.832041807715,0.9996082738424632,960212.6318237343,856909.4891580599,103303.14266567433,defillama_hourly_mean_v1
2026-09-18,arbitrum,Uniswap V3 Arbitrum USDC/WETH 0.05%,0xc6962004f452be9203591991d15f6b388e09e8d0,1187,1653,1963,556.227888266616,9725293.900984,284.8565762910254,10582658.350866,2532.850308276956,0.9996268307928361,11130506.699037872,11300208.295712963,-169701.5966750905,defillama_hourly_mean_v1
2026-09-19,arbitrum,Uniswap V3 Arbitrum USDC/WETH 0.05%,0xc6962004f452be9203591991d15f6b388e09e8d0,638,1038,1304,303.72966118515683,11617630.254904,156.5989165159914,12107068.488262,2632.2490087488204,0.9997373479855437,12414070.960496584,12516095.885104753,-102024.92460816912,defillama_hourly_mean_v1
2026-09-20,arbitrum,Uniswap V3 Arbitrum USDC/WETH 0.05%,0xc6962004f452be9203591991d15f6b388e09e8d0,589,838,973,265.9433279744248,13138627.072891,168.10711506767765,2430107.275736,2601.14299022981,0.9996939783554901,13826362.991986614,2866634.2542771893,10959728.737709425,defillama_hourly_mean_v1
2026-09-21,arbitrum,Uniswap V3 Arbitrum USDC/WETH 0.05%,0xc6962004f452be9203591991d15f6b388e09e8d0,2175,2722,3478,544.1925297600984,18787125.868487,194.48717923183963,31143374.851228,2713.9423562594934,0.9997945781514616,20260173.738838308,31664804.315063052,-11404630.576224744,defillama_hourly_mean_v1
2026-09-22,arbitrum,Uniswap V3 Arbitrum USDC/WETH 0.05%,0xc6962004f452be9203591991d15f6b388e09e8d0,653,999,1350,198.19703139526774,9868022.244536,108.52062264236234,10539110.611808,2746.923356512922,0.999854593685157,10411019.426517818,10835675.991571844,-424656.5650540255,defillama_hourly_mean_v1
2026-09-23,arbitrum,Uniswap V3 Arbitrum USDC/WETH 0.05%,0xc6962004f452be9203591991d15f6b388e09e8d0,775,1046,1446,253.9916256045366,5092323.76381,224.76683084373136,5115236.660694,2718.5051403255593,0.9998584237827269,5782080.351679969,5725542.249860492,56538.101819477044,defillama_hourly_mean_v1
2026-09-24,arbitrum,Uniswap V3 Arbitrum USDC/WETH 0.05%,0xc6962004f452be9203591991d15f6b388e09e8d0,670,874,1172,308.8469759482843,599320.581116,289.9610414575402,758772.618315,2674.7903582204126,0.9998277103965778,1425318.2378427591,1534226.8876316808,-108908.6497889217,defillama_hourly_mean_v1
2026-09-25,arbitrum,Uniswap V3 Arbitrum USDC/WETH 0.05%,0xc6962004f452be9203591991d15f6b388e09e8d0,455,736,1018,194.06824458136245,468044.321322,145.4990057646562,538388.211612,2689.8001172321055,0.9998683414590491,989987.486315532,929680.5709685211,60306.915347010945,defillama_hourly_mean_v1
2026-09-26,arbitrum,Uniswap V3 Arbitrum USDC/WETH 0.05%,0xc6962004f452be9203591991d15f6b388e09e8d0,332,512,706,319.06607159697353,569016.202307,239.4820773289895,590934.979479,2687.4417254978675,0.9998887569131437,1426424.3771885808,1234463.3691705847,191961.0080179961,defillama_hourly_mean_v1
2026-09-27,arbitrum,Uniswap V3 Arbitrum USDC/WETH 0.05%,0xc6962004f452be9203591991d15f6b388e09e8d0,475,712,808,293.4577256343255,661122.441098,237.44282093343043,662300.832196,2697.9380108003547,0.9998588795808357,1452759.8957738618,1302813.3800129117,149946.51576095005,defillama_hourly_mean_v1
2026-09-28,arbitrum,Uniswap V3 Arbitrum USDC/WETH 0.05%,0xc6962004f452be9203591991d15f6b388e09e8d0,544,789,816,202.4383175290248,1305432.650257,289.3420834034615,1230026.266096,2668.5752672068093,0.9998434215944898,1845450.1349870362,2001964.7980770865,-156514.66309005022,defillama_hourly_mean_v1
2026-09-29,arbitrum,Uniswap V3 Arbitrum USDC/WETH 0.05%,0xc6962004f452be9203591991d15f6b388e09e8d0,650,861,928,293.54025761665986,451775.202693,241.20334369417537,450579.207363,2692.107634666256,0.9998985773272056,1241971.3510561504,1099878.871481602,142092.4795745483,defillama_hourly_mean_v1
2026-09-30,arbitrum,Uniswap V3 Arbitrum USDC/WETH 0.05%,0xc6962004f452be9203591991d15f6b388e09e8d0,434,702,956,167.2701207628915,449610.270267,154.59064785392397,423031.777157,2681.823607711157,0.9998169721122654,898116.9377755478,837539.1994903977,60577.738285150146,defillama_hourly_mean_v1
2026-10-01,arbitrum,Uniswap V3 Arbitrum USDC/WETH 0.05%,0xc6962004f452be9203591991d15f6b388e09e8d0,453,766,943,142.59440334195762,401746.673074,121.63776241551086,437216.748866,2693.5712233317518,0.9998591807921509,785778.2808757997,764795.1568626508,20983.124013148947,defillama_hourly_mean_v1
2026-10-02,arbitrum,Uniswap V3 Arbitrum USDC/WETH 0.05%,0xc6962004f452be9203591991d15f6b388e09e8d0,701,1003,1147,307.5597158290089,2441388.590124,259.55461712154914,2430961.594489,2711.722165693099,0.9999160759761665,3275200.1976575693,3134597.586866696,140602.6107908734,defillama_hourly_mean_v1
2026-10-03,arbitrum,Uniswap V3 Arbitrum USDC/WETH 0.05%,0xc6962004f452be9203591991d15f6b388e09e8d0,222,367,515,81.04847975087178,237908.570847,78.51515495046942,181513.576439,2681.336394848797,0.9999653278294965,455218.56054364564,392032.8254852154,63185.73505843023,defillama_hourly_mean_v1
2026-10-04,arbitrum,Uniswap V3 Arbitrum USDC/WETH 0.05%,0xc6962004f452be9203591991d15f6b388e09e8d0,395,656,763,145.41217295548452,1786474.246559,126.97140481659265,1825320.441549,2699.0698256725423,0.9999797481383653,2178915.67543937,2167988.1628756975,10927.512563672382,defillama_hourly_mean_v1
2026-07-07,base,Uniswap V3 Base USDC/WETH 0.05%,0xd0b53d9277642d899df5c87a3966a349a798f224,892,1240,1086,1836.1975494780488,5958635.08839,1862.1519353710369,6009339.49288,1781.921863767195,0.9998972073567757,9229983.144149937,9326931.024283541,-96947.88013360463,defillama_hourly_mean_v1
2026-07-08,base,Uniswap V3 Base USDC/WETH 0.05%,0xd0b53d9277642d899df5c87a3966a349a798f224,650,980,842,2771.3811646700374,6299899.112733,2659.2869217541124,6221114.954641,1743.7279045985222,0.9998696838853434,11131612.805471797,10857377.054907832,274235.75056396425,defillama_hourly_mean_v1
2026-07-09,base,Uniswap V3 Base USDC/WETH 0.05%,0xd0b53d9277642d899df5c87a3966a349a798f224,330,525,457,1449.3888572291628,3721077.418948,1442.1741953397925,3673018.2693,1743.213315540918,0.9998379608657216,6247068.414102962,6186440.357245289,60628.05685767345,defillama_hourly_mean_v1
2026-07-10,base,Uniswap V3 Base USDC/WETH 0.05%,0xd0b53d9277642d899df5c87a3966a349a798f224,462,832,583,1012.6945227904034,3777098.926937,988.4368946687964,3858874.260039,1782.2494857421918,0.9998064551563464,5581242.181372852,5619768.542035732,-38526.36066288035,defillama_hourly_mean_v1
2026-07-11,base,Uniswap V3 Base USDC/WETH 0.05%,0xd0b53d9277642d899df5c87a3966a349a798f224,608,1072,664,740.5596053203876,3676783.515738,702.3353849040041,3758039.35035,1805.3041019007287,0.9998752574239872,5013260.157477686,5025499.514117906,-12239.356640219688,defillama_hourly_mean_v1
2026-07-12,base,Uniswap V3 Base USDC/WETH 0.05%,0xd0b53d9277642d899df5c87a3966a349a798f224,270,447,452,847.9293103821238,3633633.024907,942.3207030469315,3649256.505518,1806.9911123068769,0.9998017672474551,5165113.447555731,5351298.238704741,-186184.79114900995,defillama_hourly_mean_v1
2026-07-13,base,Uniswap V3 Base USDC/WETH 0.05%,0xd0b53d9277642d899df5c87a3966a349a798f224,991,1301,1188,2589.569282281228,7156887.97036,2640.924183245037,7083672.649425,1779.7071751078981,0.9997903289227484,11764062.410064397,11782259.125986855,-18196.715922458097,defillama_hourly_mean_v1
2026-07-14,base,Uniswap V3 Base USDC/WETH 0.05%,0xd0b53d9277642d899df5c87a3966a349a798f224,1058,1560,1237,3176.090365100775,8074789.687839,2779.6229493950686,8326773.916799,1824.5139891041688,0.9998559270045103,13868447.630486054,13397035.209144335,471412.4213417191,defillama_hourly_mean_v1
2026-07-15,base,Uniswap V3 Base USDC/WETH 0.05%,0xd0b53d9277642d899df5c87a3966a349a798f224,1101,1735,1359,4721.048122254071,10804127.536004,4631.961445598521,10963187.840018,1898.4924238767524,0.9998414512070563,19765288.647481278,19755193.351977155,10095.295504122972,defillama_hourly_mean_v1
2026-07-16,base,Uniswap V3 Base USDC/WETH 0.05%,0xd0b53d9277642d899df5c87a3966a349a798f224,557,874,756,3637.807048335674,7501942.520988,3650.5144805012833,7597833.223964,1893.0361527989432,0.9998681744907527,14387453.83300107,14507387.523635056,-119933.69063398615,defillama_hourly_mean_v1
2026-07-17,base,Uniswap V3 Base USDC/WETH 0.05%,0xd0b53d9277642d899df5c87a3966a349a798f224,632,1045,785,5390.644772111144,7386752.515366,5402.482884223721,7328982.313153,1838.3595257092772,0.999918002492327,17296089.98659538,17260087.22756355,36002.75903183222,defillama_hourly_mean_v1
2026-07-18,base,Uniswap V3 Base USDC/WETH 0.05%,0xd0b53d9277642d899df5c87a3966a349a798f224,306,580,325,3298.812034546658,5163722.859076,3293.8743481833662,5148043.863431,1846.522739808878,0.9998984788636109,11254530.068208942,11229735.114161536,24794.954047406092,defillama_hourly_mean_v1
2026-07-19,base,Uniswap V3 Base USDC/WETH 0.05%,0xd0b53d9277642d899df5c87a3966a349a798f224,379,682,428,2311.3764855310146,4168880.155189,2299.692700739744,4190742.984344,1866.5918118166692,0.9998532102499236,8482664.628230704,8482715.391124062,-50.76289335824549,defillama_hourly_mean_v1
2026-07-20,base,Uniswap V3 Base USDC/WETH 0.05%,0xd0b53d9277642d899df5c87a3966a349a798f224,662,1092,833,5954.032751097178,11465118.290142,5930.162163410331,11492818.188509,1879.1878747569854,0.9998329843990462,22651949.58828856,22634787.54139594,17162.046892620623,defillama_hourly_mean_v1
2026-07-21,base,Uniswap V3 Base USDC/WETH 0.05%,0xd0b53d9277642d899df5c87a3966a349a798f224,1084,1538,1254,3297.258389456724,8672620.729836,3236.2734485093874,8785290.784002,1926.7826118416879,0.9998680067425502,15024576.133929586,15019726.5926066,4849.541322985664,defillama_hourly_mean_v1
2026-07-22,base,Uniswap V3 Base USDC/WETH 0.05%,0xd0b53d9277642d899df5c87a3966a349a798f224,1106,1282,1263,5284.224392558571,12435643.036635,5290.736305341943,12420050.919315,1930.3047097054732,0.9998926899686477,22634471.799487203,22631451.331272736,3020.468214467168,defillama_hourly_mean_v1
2026-07-23,base,Uniswap V3 Base USDC/WETH 0.05%,0xd0b53d9277642d899df5c87a3966a349a798f224,1415,1652,1642,3949.4003292533093,7194848.54835,3969.4609761420784,7243291.309606,1908.3362717470957,0.9999177715659827,14731040.82718489,14817762.065161042,-86721.23797615245,defillama_hourly_mean_v1
2026-07-24,base,Uniswap V3 Base USDC/WETH 0.05%,0xd0b53d9277642d899df5c87a3966a349a798f224,600,866,819,3914.067639396938,7010319.122899,3909.381258510228,6984401.074267,1870.7448187594828,0.99992256902873,14331998.063756382,14297314.999221515,34683.06453486718,defillama_hourly_mean_v1
2026-07-25,base,Uniswap V3 Base USDC/WETH 0.05%,0xd0b53d9277642d899df5c87a3966a349a798f224,433,669,688,1830.0012655102632,2700352.700241,1819.2004372535087,2700291.432391,1863.6528932839274,0.999974754423496,6110771.681461768,6090581.420327948,20190.26113381982,defillama_hourly_mean_v1
2026-07-26,base,Uniswap V3 Base USDC/WETH 0.05%,0xd0b53d9277642d899df5c87a3966a349a798f224,745,999,1192,2564.7746006752977,6713027.696582,2537.3030151109456,6864634.005947,1894.068200910744,0.9999522584185861,11570565.219666325,11670131.234460324,-99566.0147939995,defillama_hourly_mean_v1
2026-07-27,base,Uniswap V3 Base USDC/WETH 0.05%,0xd0b53d9277642d899df5c87a3966a349a798f224,1066,1738,1651,3862.8009967941466,11427788.423725,3845.4375922383033,11506235.13234,1946.1708882799924,0.9999026901399883,18944347.23441295,18988994.156921703,-44646.922508753836,defillama_hourly_mean_v1
2026-07-28,base,Uniswap V3 Base USDC/WETH 0.05%,0xd0b53d9277642d899df5c87a3966a349a798f224,1087,1524,1561,5658.688833816705,11768578.318772,5658.300884989248,11783807.001532,1892.6019515121955,0.999878407597712,22476792.87894447,22491285.477304418,-14492.598359946162,defillama_hourly_mean_v1
2026-07-29,base,Uniswap V3 Base USDC/WETH 0.05%,0xd0b53d9277642d899df5c87a3966a349a798f224,549,697,925,4078.7236340378176,9268156.98721,4072.589256606422,9248723.681172,1905.0279033099778,0.9998021136531136,17036405.27821335,17005289.657585047,31115.620628301054,defillama_hourly_mean_v1
2026-07-30,base,Uniswap V3 Base USDC/WETH 0.05%,0xd0b53d9277642d899df5c87a3966a349a798f224,648,786,908,2811.9326765406886,6355079.649044,2815.711632624283,6359110.192766,1913.0016584985822,0.9997294153716267,11732591.935987575,11743850.53836171,-11258.602374134585,defillama_hourly_mean_v1
2026-07-31,base,Uniswap V3 Base USDC/WETH 0.05%,0xd0b53d9277642d899df5c87a3966a349a798f224,522,776,713,3360.5892015406603,6553663.869185,3361.370134062225,6537319.431707,1884.4355169121927,0.9997848195214352,12885067.297792083,12870197.99429791,14869.30349417217,defillama_hourly_mean_v1
2026-08-01,base,Uniswap V3 Base USDC/WETH 0.05%,0xd0b53d9277642d899df5c87a3966a349a798f224,397,659,526,2152.6275151152186,3346081.745878,2216.9117832337674,3248493.191593,1862.0767121642284,0.9998764656109685,7354025.955573873,7376151.695453374,-22125.739879501052,defillama_hourly_mean_v1
2026-08-02,base,Uniswap V3 Base USDC/WETH 0.05%,0xd0b53d9277642d899df5c87a3966a349a798f224,437,639,610,3441.0671457267463,6338193.327089,3439.5725799647958,6353927.760162,1868.157165803914,0.9998261328231854,12765545.569610955,12778485.183244545,-12939.613633589819,defillama_hourly_mean_v1
2026-08-03,base,Uniswap V3 Base USDC/WETH 0.05%,0xd0b53d9277642d899df5c87a3966a349a798f224,560,718,789,3773.2384019224687,5890034.26607,3768.0118098150137,5932663.119777,1859.6882065133286,0.9997824056984759,12905799.584596336,12938699.330805197,-32899.74620886147,defillama_hourly_mean_v1
2026-08-04,base,Uniswap V3 Base USDC/WETH 0.05%,0xd0b53d9277642d899df5c87a3966a349a798f224,449,607,612,3598.716296012227,6094984.699825,3627.5679890962842,6108484.226813,1867.7077916956634,0.9997083537052611,12814557.586284999,12881939.708162678,-67382.1218776796,defillama_hourly_mean_v1
2026-08-05,base,Uniswap V3 Base USDC/WETH 0.05%,0xd0b53d9277642d899df5c87a3966a349a798f224,844,1000,946,6273.034882346526,12248191.808135,6267.542265707046,12258526.600997,1882.4348159747194,0.9996523255767041,24052512.689464666,24052504.396390557,8.293074108660221,defillama_hourly_mean_v1
2026-08-06,base,Uniswap V3 Base USDC/WETH 0.05%,0xd0b53d9277642d899df5c87a3966a349a798f224,1156,1302,1235,5503.5815182853385,14026014.967356,5502.778974524944,14032743.045148,1906.3631713131172,0.9995318739376359,24511274.140977368,24516469.12931262,-5194.988335251808,defillama_hourly_mean_v1
2026-08-07,base,Uniswap V3 Base USDC/WETH 0.05%,0xd0b53d9277642d899df5c87a3966a349a798f224,829,999,963,6503.423380344305,14646264.210533,6504.688201134017,14665630.466904,1909.1058078879744,0.9996431208862582,27056760.611311674,27078534.632985838,-21774.02167416364,defillama_hourly_mean_v1
2026-08-08,base,Uniswap V3 Base USDC/WETH 0.05%,0xd0b53d9277642d899df5c87a3966a349a798f224,218,358,268,1272.6488214589704,3209898.064283,1270.016328182529,3201256.47366,1917.6903674247849,0.9996830241359059,5649426.990096793,5635739.831650905,13687.158445887268,defillama_hourly_mean_v1
2026-08-09,base,Uniswap V3 Base USDC/WETH 0.05%,0xd0b53d9277642d899df5c87a3966a349a798f224,192,320,271,652.2126451428122,1594681.514424,649.5031487591913,1595814.056241,1918.489754377956,0.9996318550303344,2845357.717828477,2841291.701654403,4066.0161740737967,defillama_hourly_mean_v1
2026-08-10,base,Uniswap V3 Base USDC/WETH 0.05%,0xd0b53d9277642d899df5c87a3966a349a798f224,356,515,478,4652.533984590547,9638650.737034,4670.713025765979,9605509.158086,1901.3107974655343,0.9996344700613878,18481040.62209914,18482475.16466488,-1434.542565740645,defillama_hourly_mean_v1
2026-08-11,base,Uniswap V3 Base USDC/WETH 0.05%,0xd0b53d9277642d899df5c87a3966a349a798f224,291,450,399,2261.2300354583163,4259934.742469,2282.9126374357097,4261184.531564,1876.2190809699657,0.9996296692453795,8500920.096610472,8542850.734425196,-41930.63781472482,defillama_hourly_mean_v1
2026-08-12,base,Uniswap V3 Base USDC/WETH 0.05%,0xd0b53d9277642d899df5c87a3966a349a798f224,324,468,423,2122.1914771200964,4537499.577655,2118.1628435956627,4543986.595093,1889.1250131837369,0.9995924719599828,8544735.421538455,8543609.202974996,1126.2185634598136,defillama_hourly_mean_v1
2026-08-13,base,Uniswap V3 Base USDC/WETH 0.05%,0xd0b53d9277642d899df5c87a3966a349a798f224,279,419,353,2936.5508263924376,5837799.017965,2923.769817455275,5821319.548058,1884.6973144427495,0.999523896727882,11369529.078977043,11328969.121779852,40559.957197191194,defillama_hourly_mean_v1
2026-08-14,base,Uniswap V3 Base USDC/WETH 0.05%,0xd0b53d9277642d899df5c87a3966a349a798f224,297,500,405,3384.1862428733834,6495330.187877,3411.46646758416,6466731.161268,1877.6611646295103,0.9996039789012025,12847112.982195748,12869748.299906481,-22635.31771073304,defillama_hourly_mean_v1
2026-08-15,base,Uniswap V3 Base USDC/WETH 0.05%,0xd0b53d9277642d899df5c87a3966a349a798f224,212,373,292,1503.3727741081964,2909086.045216,1492.8471902069737,2896629.886811,1880.8487430409114,0.9996068178961877,5735559.0371479,5703310.745031081,32248.29211681895,defillama_hourly_mean_v1
2026-08-16,base,Uniswap V3 Base USDC/WETH 0.05%,0xd0b53d9277642d899df5c87a3966a349a798f224,230,378,293,1508.0655804372163,2901511.309424,1484.965551077795,2889326.563632,1880.3326330700274,0.9996287708528441,5736099.107560929,5680483.1460723225,55615.96148860641,defillama_hourly_mean_v1
2026-08-17,base,Uniswap V3 Base USDC/WETH 0.05%,0xd0b53d9277642d899df5c87a3966a349a798f224,461,627,617,1923.9378215546471,4179326.436476,1917.7492588439522,4225908.30387,1899.7212483167975,0.9995907609903361,7832561.653111769,7867367.913310439,-34806.26019867044,defillama_hourly_mean_v1
2026-08-18,base,Uniswap V3 Base USDC/WETH 0.05%,0xd0b53d9277642d899df5c87a3966a349a798f224,623,758,740,1961.3885085623929,4369947.33842,1952.9852942246239,4368029.0014,1903.3438742334095,0.9996786767198954,8101739.975371368,8083828.048224049,17911.92714731954,defillama_hourly_mean_v1
2026-08-19,base,Uniswap V3 Base USDC/WETH 0.05%,0xd0b53d9277642d899df5c87a3966a349a798f224,2766,3409,3139,3332.965726641151,9163499.210744,3351.9769782138783,10702208.136727,1996.1252206287545,0.999739141407121,15814125.77967368,17390382.15895144,-1576256.3792777583,defillama_hourly_mean_v1
2026-08-20,base,Uniswap V3 Base USDC/WETH 0.05%,0xd0b53d9277642d899df5c87a3966a349a798f224,1773,2452,2082,894.0431356287958,2835166.216022,775.7078047983192,3833805.98026,2285.7610828458232,0.999667381972812,4877792.194434228,5605613.499145987,-727821.3047117591,defillama_hourly_mean_v1
2026-08-21,base,Uniswap V3 Base USDC/WETH 0.05%,0xd0b53d9277642d899df5c87a3966a349a798f224,1400,2202,1691,512.1901878893887,2188449.016242,822.8846104204132,2674537.321064,2394.633315205056,0.9997892568485524,3414495.503240602,4644480.583322549,-1229985.0800819471,defillama_hourly_mean_v1
2026-08-22,base,Uniswap V3 Base USDC/WETH 0.05%,0xd0b53d9277642d899df5c87a3966a349a798f224,619,952,806,164.7693966195749,415790.934628,162.14855164635927,358192.44691,2447.438167740553,0.9998927158944553,819009.2370318137,755002.5726968704,64006.664334943285,defillama_hourly_mean_v1
2026-08-23,base,Uniswap V3 Base USDC/WETH 0.05%,0xd0b53d9277642d899df5c87a3966a349a798f224,831,1064,1098,548.0616605737058,1215485.646092,532.2555798802846,1302713.828502,2426.6041834563057,0.9998976368417712,2545289.9434826486,2594154.095405707,-48864.151923058555,defillama_hourly_mean_v1
2026-08-24,base,Uniswap V3 Base USDC/WETH 0.05%,0xd0b53d9277642d899df5c87a3966a349a798f224,2662,3011,3125,2497.7589042025456,4507015.829242,2445.211171533102,4611500.654102,2467.836568910199,0.9998853054317944,10670559.663119677,10645353.287842836,25206.375276841223,defillama_hourly_mean_v1
2026-08-25,base,Uniswap V3 Base USDC/WETH 0.05%,0xd0b53d9277642d899df5c87a3966a349a798f224,490,708,797,86.09070828240364,236194.807882,89.95651822914154,248031.760051,2477.6366474799547,0.9999083320607499,449474.6502386892,470888.5897349072,-21413.939496217994,defillama_hourly_mean_v1
2026-08-26,base,Uniswap V3 Base USDC/WETH 0.05%,0xd0b53d9277642d899df5c87a3966a349a798f224,999,1166,1264,464.4539853285955,1166390.586673,448.5283270685811,1125854.57227,2461.501875384272,0.9999229459437976,2309555.0674632173,2229821.138850795,79733.9286124222,defillama_hourly_mean_v1
2026-08-27,base,Uniswap V3 Base USDC/WETH 0.05%,0xd0b53d9277642d899df5c87a3966a349a798f224,1059,1366,1395,666.05979403872,1624957.123633,582.6887926169268,1649982.09262,2506.0913444835396,0.9999635383800497,3294104.5598128485,3110193.271304859,183911.2885079896,defillama_hourly_mean_v1
2026-08-28,base,Uniswap V3 Base USDC/WETH 0.05%,0xd0b53d9277642d899df5c87a3966a349a798f224,1003,1262,1388,810.157134729129,1193695.117738,751.479923453019,898801.512059,2481.042689391077,0.9999831032104419,3203709.3845005264,2763240.095506275,440469.2889942513,defillama_hourly_mean_v1
2026-08-29,base,Uniswap V3 Base USDC/WETH 0.05%,0xd0b53d9277642d899df5c87a3966a349a798f224,339,514,504,102.30825987107671,221247.584238,98.81139754059426,229163.929925,2442.8690702560666,0.9999836696029879,471169.65484788467,470543.49442773755,626.16042014712,defillama_hourly_mean_v1
2026-08-30,base,Uniswap V3 Base USDC/WETH 0.05%,0xd0b53d9277642d899df5c87a3966a349a798f224,678,957,1013,282.95093450684345,755552.783023,288.7503270694495,757179.990852,2472.213934975923,0.9999044618543351,1454995.8421134362,1470960.2335896879,-15964.39147625165,defillama_hourly_mean_v1
2026-08-31,base,Uniswap V3 Base USDC/WETH 0.05%,0xd0b53d9277642d899df5c87a3966a349a798f224,1097,1427,1476,790.5838448178896,1768849.468087,784.3517563218328,1786820.423514,2448.6981283920104,0.999862963727085,3704508.2526910715,3707216.242009051,-2707.9893179796636,defillama_hourly_mean_v1
2026-09-01,base,Uniswap V3 Base USDC/WETH 0.05%,0xd0b53d9277642d899df5c87a3966a349a798f224,713,1039,1139,378.862565214364,994277.337767,403.8384926730132,954870.311208,2448.43135331241,0.9998425552110368,1921739.777248601,1943490.7989883942,-21751.021739793243,defillama_hourly_mean_v1
2026-09-02,base,Uniswap V3 Base USDC/WETH 0.05%,0xd0b53d9277642d899df5c87a3966a349a798f224,653,929,1000,90.43348444634586,260280.921939,151.63305462630225,102040.104902,2397.027632606345,0.9997725274115155,476993.27629472053,465485.5155309626,11507.76076375792,defillama_hourly_mean_v1
2026-09-03,base,Uniswap V3 Base USDC/WETH 0.05%,0xd0b53d9277642d899df5c87a3966a349a798f224,1002,1361,1422,766.786056326298,1775423.97128,733.0343483242427,1882278.152603,2440.4846071271863,0.9998714963759531,3646525.390289561,3670995.3166197487,-24469.926330187824,defillama_hourly_mean_v1
2026-09-04,base,Uniswap V3 Base USDC/WETH 0.05%,0xd0b53d9277642d899df5c87a3966a349a798f224,608,958,903,132.34118870632886,422362.279559,132.59165546400672,431525.706619,2485.0630779895127,0.9999202474581613,751204.7968449689,760989.9187901379,-9785.12194516894,defillama_hourly_mean_v1
2026-09-05,base,Uniswap V3 Base USDC/WETH 0.05%,0xd0b53d9277642d899df5c87a3966a349a798f224,382,567,598,84.60489550707716,207629.214192,81.18919510804315,205829.187244,2462.1284419556637,0.9999873145493582,415934.69987851323,405724.80266300525,10209.897215507983,defillama_hourly_mean_v1
2026-09-06,base,Uniswap V3 Base USDC/WETH 0.05%,0xd0b53d9277642d899df5c87a3966a349a798f224,483,709,817,55.46623093880514,199666.0321,57.89761109908352,224885.648763,2497.2460677150616,0.9999650827789517,338171.887419928,369462.3780283738,-31290.490608445834,defillama_hourly_mean_v1
2026-09-07,base,Uniswap V3 Base USDC/WETH 0.05%,0xd0b53d9277642d899df5c87a3966a349a798f224,539,757,956,55.20044470358293,184714.851681,54.21960078393992,240254.566183,2495.4035062587495,0.9999091517526089,322445.4539208207,375532.5213809279,-53087.06746010715,defillama_hourly_mean_v1
2026-09-08,base,Uniswap V3 Base USDC/WETH 0.05%,0xd0b53d9277642d899df5c87a3966a349a798f224,507,691,837,78.99318281276763,188286.221803,52.66902172181234,135405.515828,2483.8900146504243,0.9998954222460581,384476.90926691465,266215.4125594993,118261.49670741532,defillama_hourly_mean_v1
2026-09-09,base,Uniswap V3 Base USDC/WETH 0.05%,0xd0b53d9277642d899df5c87a3966a349a798f224,443,610,708,431.30296690099004,1286583.283153,368.66166845178947,1067748.234029,2491.9345976662194,0.9999230319731481,2361263.0426729806,1986346.8180026193,374916.22467036126,defillama_hourly_mean_v1
2026-09-10,base,Uniswap V3 Base USDC/WETH 0.05%,0xd0b53d9277642d899df5c87a3966a349a798f224,3158,3396,3535,3104.313762898862,6953575.099254,3207.9510879880386,7041737.669054,2461.0667365271215,0.9998570298719418,14592504.287345327,14935712.625971053,-343208.33862572536,defillama_hourly_mean_v1
2026-09-11,base,Uniswap V3 Base USDC/WETH 0.05%,0xd0b53d9277642d899df5c87a3966a349a798f224,1784,2113,2167,1364.0383663637374,2159726.377625,1339.1288204863943,2139888.181694,2501.4883858141734,0.9998734772860036,5571579.254446041,5489432.628789351,82146.62565668952,defillama_hourly_mean_v1
2026-09-12,base,Uniswap V3 Base USDC/WETH 0.05%,0xd0b53d9277642d899df5c87a3966a349a798f224,395,571,599,136.19718171629273,534088.914102,131.30753124639682,512264.70778,2524.897909724975,0.9998791132835302,877908.3292727713,843740.8929566873,34167.436316084,defillama_hourly_mean_v1
2026-09-13,base,Uniswap V3 Base USDC/WETH 0.05%,0xd0b53d9277642d899df5c87a3966a349a798f224,489,699,845,157.98354307386987,395785.344686,179.98315071063922,369679.537332,2503.128417396939,0.9998363973777642,791173.6893150238,820139.9959867427,-28966.306671718834,defillama_hourly_mean_v1
2026-09-14,base,Uniswap V3 Base USDC/WETH 0.05%,0xd0b53d9277642d899df5c87a3966a349a798f224,1838,2016,2152,1733.7684503247438,2706757.98086,1713.3266387855629,2548465.283921,2516.9203707545826,0.9998268207730797,7070046.357399367,6860330.66158916,209715.69581020717,defillama_hourly_mean_v1
2026-09-15,base,Uniswap V3 Base USDC/WETH 0.05%,0xd0b53d9277642d899df5c87a3966a349a798f224,659,1060,909,274.7886583682911,529968.747862,399.048747995313,376006.443792,2459.92243277896,0.9997857431403161,1205813.9834157457,1357554.8487981607,-151740.865382415,defillama_hourly_mean_v1
2026-09-16,base,Uniswap V3 Base USDC/WETH 0.05%,0xd0b53d9277642d899df5c87a3966a349a798f224,1906,2189,3635,3582.713012371996,9156992.624445,3778.4426572708358,8856579.021032,2399.3874329211753,0.9996965008881468,17750530.062964767,17919838.885033995,-169308.8220692277,defillama_hourly_mean_v1
2026-09-17,base,Uniswap V3 Base USDC/WETH 0.05%,0xd0b53d9277642d899df5c87a3966a349a798f224,2132,2323,4183,4665.458374088607,11684554.369707,4674.785745584237,11600420.10377,2443.832041807715,0.9996082738424632,23081573.88843909,23020267.109421663,61306.77901742607,defillama_hourly_mean_v1
2026-09-18,base,Uniswap V3 Base USDC/WETH 0.05%,0xd0b53d9277642d899df5c87a3966a349a798f224,2863,3524,4980,4742.359204427456,13204357.786972,4727.132796839049,13105183.050776,2532.850308276956,0.9996268307928361,25211116.300139666,25073412.361747097,137703.93839256838,defillama_hourly_mean_v1
2026-09-19,base,Uniswap V3 Base USDC/WETH 0.05%,0xd0b53d9277642d899df5c87a3966a349a798f224,2232,2600,4122,3858.560346752784,10936961.077483,3933.169518474204,10825280.325768,2632.2490087488204,0.9997373479855437,21090780.11056149,21175518.610328183,-84738.49976669252,defillama_hourly_mean_v1
2026-09-20,base,Uniswap V3 Base USDC/WETH 0.05%,0xd0b53d9277642d899df5c87a3966a349a798f224,2110,2360,4224,5089.631934104174,13784981.487666,5139.7169729112575,13349993.623411,2601.14299022981,0.9996939783554901,27019623.413206473,26715047.012261465,304576.4009450078,defillama_hourly_mean_v1
2026-09-21,base,Uniswap V3 Base USDC/WETH 0.05%,0xd0b53d9277642d899df5c87a3966a349a798f224,3271,4398,5421,3607.631254375703,13661668.969588,3503.719191767649,14435885.784579,2713.9423562594934,0.9997945781514616,23449765.831309933,23941812.257213343,-492046.4259034097,defillama_hourly_mean_v1
2026-09-22,base,Uniswap V3 Base USDC/WETH 0.05%,0xd0b53d9277642d899df5c87a3966a349a798f224,2791,3008,5517,5612.992866182567,16409248.590472,5692.627939670536,16265974.892686,2746.923356512922,0.999854593685157,31825323.78616242,31900822.364638552,-75498.57847613096,defillama_hourly_mean_v1
2026-09-23,base,Uniswap V3 Base USDC/WETH 0.05%,0xd0b53d9277642d899df5c87a3966a349a798f224,591,875,1053,487.5278843772906,1418470.304822,462.00458623014123,1112946.529234,2718.5051403255593,0.9998584237827269,2743616.542893639,2368750.804994986,374865.7378986529,defillama_hourly_mean_v1
2026-09-24,base,Uniswap V3 Base USDC/WETH 0.05%,0xd0b53d9277642d899df5c87a3966a349a798f224,375,616,724,169.45670322648522,678505.689917,149.74969724091022,636206.836408,2674.7903582204126,0.9998277103965778,1131649.946366785,1036646.2709108733,95003.67545591178,defillama_hourly_mean_v1
2026-09-25,base,Uniswap V3 Base USDC/WETH 0.05%,0xd0b53d9277642d899df5c87a3966a349a798f224,344,594,692,72.36842231208942,514888.7193,58.7259172033067,525709.807769,2689.8001172321055,0.9998683414590491,709477.5206214256,683601.5725607628,25875.948060662835,defillama_hourly_mean_v1
2026-09-26,base,Uniswap V3 Base USDC/WETH 0.05%,0xd0b53d9277642d899df5c87a3966a349a798f224,307,431,578,57.34273808258903,135812.465423,41.12521416475648,95266.419908,2687.4417254978675,0.9998887569131437,289902.6242025581,205777.43869377818,84125.18550877989,defillama_hourly_mean_v1
2026-09-27,base,Uniswap V3 Base USDC/WETH 0.05%,0xd0b53d9277642d899df5c87a3966a349a798f224,453,619,829,128.1931170575215,212168.208912,102.1008037129729,208847.344343,2697.9380108003547,0.9998588795808357,557995.3508778916,484279.5109887206,73715.83988917107,defillama_hourly_mean_v1
2026-09-28,base,Uniswap V3 Base USDC/WETH 0.05%,0xd0b53d9277642d899df5c87a3966a349a798f224,863,1159,1603,174.13832729076478,228558.830423,174.6232259899546,233669.812235,2668.5752672068093,0.9998434215944898,693224.2763266665,699628.4465450424,-6404.170218375977,defillama_hourly_mean_v1
2026-09-29,base,Uniswap V3 Base USDC/WETH 0.05%,0xd0b53d9277642d899df5c87a3966a349a798f224,473,738,968,111.39888551615677,235322.949305,103.33964484802927,221256.287876,2692.107634666256,0.9998985773272056,535196.8724138695,499435.29433099006,35761.57808287942,defillama_hourly_mean_v1
2026-09-30,base,Uniswap V3 Base USDC/WETH 0.05%,0xd0b53d9277642d899df5c87a3966a349a798f224,273,558,605,254.1397906396701,975495.385218,239.18145649884278,959206.745702,2681.823607711157,0.9998169721122654,1656874.932554387,1600473.660682769,56401.271871617995,defillama_hourly_mean_v1
2026-10-01,base,Uniswap V3 Base USDC/WETH 0.05%,0xd0b53d9277642d899df5c87a3966a349a798f224,316,616,709,244.13710335229013,507524.301246,240.9657845448503,536622.346078,2693.5712233317518,0.9998591807921509,1165053.5082132327,1185605.2824018789,-20551.774188646115,defillama_hourly_mean_v1
2026-10-02,base,Uniswap V3 Base USDC/WETH 0.05%,0xd0b53d9277642d899df5c87a3966a349a798f224,401,813,864,189.94832186959167,703447.28698,182.66492016344532,635017.982116,2711.722165693099,0.9999160759761665,1218475.325603101,1130301.2017535092,88174.1238495917,defillama_hourly_mean_v1
2026-10-03,base,Uniswap V3 Base USDC/WETH 0.05%,0xd0b53d9277642d899df5c87a3966a349a798f224,156,280,352,45.573400223715375,102921.41304,40.0245526943958,88871.411733,2681.336394848797,0.9999653278294965,225115.461188077,196187.62019528646,28927.84099279053,defillama_hourly_mean_v1
2026-10-04,base,Uniswap V3 Base USDC/WETH 0.05%,0xd0b53d9277642d899df5c87a3966a349a798f224,209,409,443,64.31937900860319,278446.871002,48.05993456089169,277935.070173,2699.0698256725423,0.9999797481383653,452043.72702261264,407646.56066751515,44397.16635509749,defillama_hourly_mean_v1
2026-07-07,optimism,Uniswap V3 Optimism USDC/WETH 0.05%,0x1fb3cf6e48f1e7b10213e7b6d87d4c073c7fdb7b,215,255,349,346444.170339,168.51817499427378,344862.906103,170.29610966410402,0.9998972073567757,1781.921863767195,646694.7788914437,648281.8178582945,-1587.0389668507269,defillama_hourly_mean_v1
2026-07-08,optimism,Uniswap V3 Optimism USDC/WETH 0.05%,0x1fb3cf6e48f1e7b10213e7b6d87d4c073c7fdb7b,145,178,240,259613.884441,106.83620048894456,257650.668267,106.42235885670108,0.9998696838853434,1743.7279045985222,445873.31658212363,443188.72904460016,2684.5875375234755,defillama_hourly_mean_v1
2026-07-09,optimism,Uniswap V3 Optimism USDC/WETH 0.05%,0x1fb3cf6e48f1e7b10213e7b6d87d4c073c7fdb7b,178,203,251,244230.514664,133.61211502006768,246340.422899,133.85377451696374,0.9998379608657216,1743.213315540918,477105.35778340616,479636.1881835185,-2530.830400112318,defillama_hourly_mean_v1
2026-07-10,optimism,Uniswap V3 Optimism USDC/WETH 0.05%,0x1fb3cf6e48f1e7b10213e7b6d87d4c073c7fdb7b,6,14,14,33739.592147,11.68048028895671,33706.261689,11.671609756438539,0.9998064551563464,1782.2494857421918,54550.592011127876,54501.45850204739,49.133509080485965,defillama_hourly_mean_v1
2026-07-11,optimism,Uniswap V3 Optimism USDC/WETH 0.05%,0x1fb3cf6e48f1e7b10213e7b6d87d4c073c7fdb7b,5,14,11,46634.223944,17.172598303153165,59218.379533,10.422147407308778,0.9998752574239872,1805.3041019007287,77630.16882775076,78026.13794481833,-395.9691170675651,defillama_hourly_mean_v1
2026-07-12,optimism,Uniswap V3 Optimism USDC/WETH 0.05%,0x1fb3cf6e48f1e7b10213e7b6d87d4c073c7fdb7b,36,65,79,64050.506827,31.949410583681107,63276.653074,30.955754354537245,0.9998017672474551,1806.9911123068769,121770.11088688481,119200.88256229302,2569.2283245917934,defillama_hourly_mean_v1
2026-07-13,optimism,Uniswap V3 Optimism USDC/WETH 0.05%,0x1fb3cf6e48f1e7b10213e7b6d87d4c073c7fdb7b,164,203,281,215398.598194,108.97887853020795,228725.630944,128.23431481165088,0.9997903289227484,1779.7071751078981,409303.92739330133,456897.203959905,-47593.27656660369,defillama_hourly_mean_v1
2026-07-14,optimism,Uniswap V3 Optimism USDC/WETH 0.05%,0x1fb3cf6e48f1e7b10213e7b6d87d4c073c7fdb7b,113,151,180,180473.410735,85.43709130033461,184723.613766,77.93223109221096,0.9998559270045103,1824.5139891041688,336328.57765593973,326885.44591146475,9443.131744474987,defillama_hourly_mean_v1
2026-07-15,optimism,Uniswap V3 Optimism USDC/WETH 0.05%,0x1fb3cf6e48f1e7b10213e7b6d87d4c073c7fdb7b,151,188,258,197314.198775,92.52579165927078,199184.64467,91.93160823593271,0.9998414512070563,1898.4924238767524,372942.4293252779,373684.5259357386,-742.0966104606632,defillama_hourly_mean_v1
2026-07-16,optimism,Uniswap V3 Optimism USDC/WETH 0.05%,0x1fb3cf6e48f1e7b10213e7b6d87d4c073c7fdb7b,151,180,226,159255.469001,78.66259747701295,156268.167909,79.31407584850717,0.9998681744907527,1893.0361527989432,308145.61596475495,306391.98078524787,1753.6351795070805,defillama_hourly_mean_v1
2026-07-17,optimism,Uniswap V3 Optimism USDC/WETH 0.05%,0x1fb3cf6e48f1e7b10213e7b6d87d4c073c7fdb7b,181,221,281,171473.348433,115.01869949797944,169758.983217,116.33995117247593,0.999918002492327,1838.3595257092772,382905.0099025995,383619.7208619445,-714.7109593449859,defillama_hourly_mean_v1
2026-07-18,optimism,Uniswap V3 Optimism USDC/WETH 0.05%,0x1fb3cf6e48f1e7b10213e7b6d87d4c073c7fdb7b,24,54,54,43889.064893,26.422212503368435,40361.702237,22.957422751946375,0.9998984788636109,1846.522739808878,92673.82544878928,82749.00782999699,9924.817618792295,defillama_hourly_mean_v1
2026-07-19,optimism,Uniswap V3 Optimism USDC/WETH 0.05%,0x1fb3cf6e48f1e7b10213e7b6d87d4c073c7fdb7b,93,128,145,97400.335369,55.45129877708657,99570.740743,55.668522087798216,0.9998532102499236,1866.5918118166692,200890.97825002327,203466.53228387097,-2575.5540338477003,defillama_hourly_mean_v1
2026-07-20,optimism,Uniswap V3 Optimism USDC/WETH 0.05%,0x1fb3cf6e48f1e7b10213e7b6d87d4c073c7fdb7b,165,207,269,192934.064152,105.31293380085164,192358.495911,106.31487738959333,0.9998329843990462,1879.1878747569854,390804.6294069767,392111.9975380063,-1307.3681310295942,defillama_hourly_mean_v1
2026-07-21,optimism,Uniswap V3 Optimism USDC/WETH 0.05%,0x1fb3cf6e48f1e7b10213e7b6d87d4c073c7fdb7b,152,179,216,176531.597503,77.05829772143095,180123.642503,74.35434042577856,0.9998680067425502,1926.7826118416879,324982.88467017584,323364.5176440299,1618.3670261459192,defillama_hourly_mean_v1
2026-07-22,optimism,Uniswap V3 Optimism USDC/WETH 0.05%,0x1fb3cf6e48f1e7b10213e7b6d87d4c073c7fdb7b,158,189,237,205269.683935,92.00722657031922,201365.893671,92.58718114954767,0.9998926899686477,1930.3047097054732,382849.639214407,380065.75692196254,2783.8822924444685,defillama_hourly_mean_v1
2026-07-23,optimism,Uniswap V3 Optimism USDC/WETH 0.05%,0x1fb3cf6e48f1e7b10213e7b6d87d4c073c7fdb7b,136,167,208,149501.443294,73.27537805395126,146766.029178,76.23922345537173,0.9999177715659827,1908.3362717470957,289323.2117907709,292244.03628697153,-2920.8244962006574,defillama_hourly_mean_v1
2026-07-24,optimism,Uniswap V3 Optimism USDC/WETH 0.05%,0x1fb3cf6e48f1e7b10213e7b6d87d4c073c7fdb7b,114,148,185,132966.785297,71.67350270495594,130920.144986,72.1378182708526,0.99992256902873,1870.7448187594828,267039.3233773079,265861.4574788256,1177.8658984823269,defillama_hourly_mean_v1
2026-07-25,optimism,Uniswap V3 Optimism USDC/WETH 0.05%,0x1fb3cf6e48f1e7b10213e7b6d87d4c073c7fdb7b,37,66,60,61157.018502,36.4351190449036,62820.38322,35.61597550415139,0.999974754423496,1863.6528932839274,129057.88958298958,129194.61307865064,-136.72349566106277,defillama_hourly_mean_v1
2026-07-26,optimism,Uniswap V3 Optimism USDC/WETH 0.05%,0x1fb3cf6e48f1e7b10213e7b6d87d4c073c7fdb7b,81,114,136,89258.925645,40.83420265518118,98652.527726,40.412155086802066,0.9999522584185861,1894.068200910744,166597.42904145815,175191.19577850105,-8593.766737042897,defillama_hourly_mean_v1
2026-07-27,optimism,Uniswap V3 Optimism USDC/WETH 0.05%,0x1fb3cf6e48f1e7b10213e7b6d87d4c073c7fdb7b,179,216,287,175418.959206,91.42926493446146,177855.214959,92.55788809048691,0.9999026901399883,1946.1708882799924,353338.8629639239,357971.37517531303,-4632.512211389141,defillama_hourly_mean_v1
2026-07-28,optimism,Uniswap V3 Optimism USDC/WETH 0.05%,0x1fb3cf6e48f1e7b10213e7b6d87d4c073c7fdb7b,143,161,223,153011.458777,72.17985097196066,155148.312808,70.99495859267958,0.999878407597712,1892.6019515121955,289600.5805555419,289494.6451319676,105.93542357429396,defillama_hourly_mean_v1
2026-07-29,optimism,Uniswap V3 Optimism USDC/WETH 0.05%,0x1fb3cf6e48f1e7b10213e7b6d87d4c073c7fdb7b,189,214,294,188203.374444,94.18902661726806,199923.392739,93.47269628568084,0.9998021136531136,1905.0279033099778,367598.85545726144,377951.9252509946,-10353.069793733186,defillama_hourly_mean_v1
2026-07-30,optimism,Uniswap V3 Optimism USDC/WETH 0.05%,0x1fb3cf6e48f1e7b10213e7b6d87d4c073c7fdb7b,136,151,190,130952.530353,55.921149977988726,132146.492741,55.1602509786753,0.9997294153716267,1913.0016584985822,237894.3492642803,237632.38753677474,261.9617275055498,defillama_hourly_mean_v1
2026-07-31,optimism,Uniswap V3 Optimism USDC/WETH 0.05%,0x1fb3cf6e48f1e7b10213e7b6d87d4c073c7fdb7b,133,151,180,124772.022142,65.01577637439343,119783.885601,67.66251534469954,0.9997848195214352,1884.4355169121927,247263.2117980916,247263.75752634008,-0.5457282484858297,defillama_hourly_mean_v1
2026-08-01,optimism,Uniswap V3 Optimism USDC/WETH 0.05%,0x1fb3cf6e48f1e7b10213e7b6d87d4c073c7fdb7b,55,66,77,41683.744014,23.39639217134858,39364.160566,26.542736682829556,0.9998764656109685,1862.0767121642284,85244.47164908034,88783.90959267886,-3539.4379435985174,defillama_hourly_mean_v1
2026-08-02,optimism,Uniswap V3 Optimism USDC/WETH 0.05%,0x1fb3cf6e48f1e7b10213e7b6d87d4c073c7fdb7b,73,90,109,69164.930394,40.152333379614234,71257.84699,39.37933584859144,0.9998261328231854,1868.157165803914,144163.77420969185,144812.24603946303,-648.4718297711806,defillama_hourly_mean_v1
2026-08-03,optimism,Uniswap V3 Optimism USDC/WETH 0.05%,0x1fb3cf6e48f1e7b10213e7b6d87d4c073c7fdb7b,127,135,173,102808.639634,57.399464748759954,100566.799619,58.221651464437166,0.9997824056984759,1859.6882065133286,209531.37671331462,208819.03544862365,712.341264690971,defillama_hourly_mean_v1
2026-08-04,optimism,Uniswap V3 Optimism USDC/WETH 0.05%,0x1fb3cf6e48f1e7b10213e7b6d87d4c073c7fdb7b,130,161,204,102362.063573,61.408834476721054,101623.82662,60.14538507112033,0.9997083537052611,1867.7077916956634,217025.9686875583,213928.19273937657,3097.7759481817484,defillama_hourly_mean_v1
2026-08-05,optimism,Uniswap V3 Optimism USDC/WETH 0.05%,0x1fb3cf6e48f1e7b10213e7b6d87d4c073c7fdb7b,97,130,157,98235.415798,52.67184875003325,101343.120564,51.40628966608607,0.9996523255767041,1882.4348159747194,197352.5837652823,198076.87558052473,-724.291815242439,defillama_hourly_mean_v1
2026-08-06,optimism,Uniswap V3 Optimism USDC/WETH 0.05%,0x1fb3cf6e48f1e7b10213e7b6d87d4c073c7fdb7b,85,115,138,90494.016587,42.63299183054124,90350.521316,42.81018697713865,0.9995318739376359,1906.3631713131172,171725.61948798446,171919.98969246933,-194.370204484876,defillama_hourly_mean_v1
2026-08-07,optimism,Uniswap V3 Optimism USDC/WETH 0.05%,0x1fb3cf6e48f1e7b10213e7b6d87d4c073c7fdb7b,73,103,131,83347.383389,40.200418675141066,85387.618162,40.134512158428365,0.9996431208862582,1909.1058078879744,160064.49122092343,161978.17536291195,-1913.6841419885168,defillama_hourly_mean_v1
2026-08-08,optimism,Uniswap V3 Optimism USDC/WETH 0.05%,0x1fb3cf6e48f1e7b10213e7b6d87d4c073c7fdb7b,15,40,43,20363.158636,7.437289080537955,20387.716458,7.47398572593147,0.9996830241359059,1917.6903674247849,34619.121635696836,34714.044476847936,-94.92284115109942,defillama_hourly_mean_v1
2026-08-09,optimism,Uniswap V3 Optimism USDC/WETH 0.05%,0x1fb3cf6e48f1e7b10213e7b6d87d4c073c7fdb7b,26,55,64,43340.590002,19.301356061781835,41192.711308,18.308116107238888,0.9996318550303344,1918.489754377956,80354.08823193773,76301.4795922449,4052.6086396928295,defillama_hourly_mean_v1
2026-08-10,optimism,Uniswap V3 Optimism USDC/WETH 0.05%,0x1fb3cf6e48f1e7b10213e7b6d87d4c073c7fdb7b,63,92,115,79667.739941,43.03785852147279,75532.476243,43.19093830039764,0.9996344700613878,1901.3107974655343,161466.96410358028,157624.26420480938,3842.699898770894,defillama_hourly_mean_v1
2026-08-11,optimism,Uniswap V3 Optimism USDC/WETH 0.05%,0x1fb3cf6e48f1e7b10213e7b6d87d4c073c7fdb7b,74,107,119,90677.482563,48.572225875394764,90854.192291,48.473632561552535,0.9996296692453795,1876.2190809699657,181776.0388950541,181767.70052532034,8.338369733770378,defillama_hourly_mean_v1
2026-08-12,optimism,Uniswap V3 Optimism USDC/WETH 0.05%,0x1fb3cf6e48f1e7b10213e7b6d87d4c073c7fdb7b,107,124,168,106914.111808,53.816001578858625,108993.196648,53.65747387828375,0.9995924719599828,1889.1250131837369,208535.696001722,210314.45491191364,-1778.7589101916237,defillama_hourly_mean_v1
2026-08-13,optimism,Uniswap V3 Optimism USDC/WETH 0.05%,0x1fb3cf6e48f1e7b10213e7b6d87d4c073c7fdb7b,100,127,140,115983.863478,58.53795799705674,112680.800908,59.04516575158701,0.999523896727882,1884.6973144427495,226254.97541110055,223909.4185328259,2345.556878274656,defillama_hourly_mean_v1
2026-08-14,optimism,Uniswap V3 Optimism USDC/WETH 0.05%,0x1fb3cf6e48f1e7b10213e7b6d87d4c073c7fdb7b,112,141,146,100634.829926,51.095041932088385,100020.517985,50.1834831298103,0.9996039789012025,1877.6611646295103,196534.15235107415,194208.48512825026,2325.6672228238895,defillama_hourly_mean_v1
2026-08-15,optimism,Uniswap V3 Optimism USDC/WETH 0.05%,0x1fb3cf6e48f1e7b10213e7b6d87d4c073c7fdb7b,14,47,49,39904.97096,15.513457004080047,44356.539687,24.7849141967604,0.9996068178961877,1880.8487430409114,69067.74714590855,90955.77420276168,-21888.027056853127,defillama_hourly_mean_v1
2026-08-16,optimism,Uniswap V3 Optimism USDC/WETH 0.05%,0x1fb3cf6e48f1e7b10213e7b6d87d4c073c7fdb7b,36,64,70,75997.903522,34.84821163496883,72200.450881,34.90012932557763,0.9996287708528441,1880.3326330700274,141495.9204264524,137797.50003844302,3698.42038800937,defillama_hourly_mean_v1
2026-08-17,optimism,Uniswap V3 Optimism USDC/WETH 0.05%,0x1fb3cf6e48f1e7b10213e7b6d87d4c073c7fdb7b,77,107,125,100471.889613,52.7298029661769,101866.919371,49.733507497052265,0.9995907609903361,1899.7212483167975,200602.69971080008,196305.03239927202,4297.667311528057,defillama_hourly_mean_v1
2026-08-18,optimism,Uniswap V3 Optimism USDC/WETH 0.05%,0x1fb3cf6e48f1e7b10213e7b6d87d4c073c7fdb7b,41,76,89,72549.134659,36.05350964907208,79625.98075,37.896920540357655,0.9996786767198954,1903.3438742334095,141148.0496682591,151731.26663148386,-10583.216963224753,defillama_hourly_mean_v1
2026-08-19,optimism,Uniswap V3 Optimism USDC/WETH 0.05%,0x1fb3cf6e48f1e7b10213e7b6d87d4c073c7fdb7b,180,228,277,392190.846399,102.08596173143579,436132.404584,92.86204776806267,0.999739141407121,1996.1252206287545,595864.9029309291,621382.9112876933,-25518.008356764214,defillama_hourly_mean_v1
2026-08-20,optimism,Uniswap V3 Optimism USDC/WETH 0.05%,0x1fb3cf6e48f1e7b10213e7b6d87d4c073c7fdb7b,284,323,462,276752.769061,82.74333782421901,265280.770728,80.6457474964364,0.999667381972812,2285.7610828458232,465792.21756430075,449529.44468575483,16262.772878545919,defillama_hourly_mean_v1
2026-08-21,optimism,Uniswap V3 Optimism USDC/WETH 0.05%,0x1fb3cf6e48f1e7b10213e7b6d87d4c073c7fdb7b,290,334,491,344384.611118,82.9228213482652,376276.402265,82.77725556953058,0.9997892568485524,2394.633315205056,542881.7850110958,574418.2785182125,-31536.493507116684,defillama_hourly_mean_v1
2026-08-22,optimism,Uniswap V3 Optimism USDC/WETH 0.05%,0x1fb3cf6e48f1e7b10213e7b6d87d4c073c7fdb7b,189,224,327,127660.453307,47.09864152487511,129187.776413,44.11315440214645,0.9998927158944553,2447.438167740553,242917.770286163,237138.13440120564,5779.635884957359,defillama_hourly_mean_v1
2026-08-23,optimism,Uniswap V3 Optimism USDC/WETH 0.05%,0x1fb3cf6e48f1e7b10213e7b6d87d4c073c7fdb7b,83,106,147,68036.203013,32.2597119711545,70185.411376,34.033569058391606,0.9998976368417712,2426.6041834563057,146310.79063868467,152764.22803067212,-6453.437391987449,defillama_hourly_mean_v1
2026-08-24,optimism,Uniswap V3 Optimism USDC/WETH 0.05%,0x1fb3cf6e48f1e7b10213e7b6d87d4c073c7fdb7b,9,20,20,8728.432189,2.0395106434150763,2143.188572,0.9513787348667362,0.9998853054317944,2467.836568910199,13760.610033740264,4490.789992699803,9269.82004104046,defillama_hourly_mean_v1
2026-08-25,optimism,Uniswap V3 Optimism USDC/WETH 0.05%,0x1fb3cf6e48f1e7b10213e7b6d87d4c073c7fdb7b,10,25,26,9307.017363,3.2496773073431764,8830.155692,3.361450630969721,0.9999083320607499,2477.6366474799547,17357.683797055204,17157.799521809655,199.88427524554936,defillama_hourly_mean_v1
2026-08-26,optimism,Uniswap V3 Optimism USDC/WETH 0.05%,0x1fb3cf6e48f1e7b10213e7b6d87d4c073c7fdb7b,10,19,13,7233.302686,3.639472943995764,9604.339127,4.499841021334958,0.9999229459437976,2461.501875384272,16191.314807744195,20679.966186660196,-4488.651378916002,defillama_hourly_mean_v1
2026-08-27,optimism,Uniswap V3 Optimism USDC/WETH 0.05%,0x1fb3cf6e48f1e7b10213e7b6d87d4c073c7fdb7b,14,28,34,7003.604024,2.3548106699929456,16544.475718,0.9938072925777941,0.9999635383800497,2506.0913444835396,12904.7192992186,19034.444333627926,-6129.725034409326,defillama_hourly_mean_v1
2026-08-28,optimism,Uniswap V3 Optimism USDC/WETH 0.05%,0x1fb3cf6e48f1e7b10213e7b6d87d4c073c7fdb7b,4,20,18,2239.405338,1.198128378169388,1984.758208,2.4407928303225033,0.9999831032104419,2481.042689391077,5211.975152848417,8040.435879948038,-2828.460727099621,defillama_hourly_mean_v1
2026-08-29,optimism,Uniswap V3 Optimism USDC/WETH 0.05%,0x1fb3cf6e48f1e7b10213e7b6d87d4c073c7fdb7b,7,10,9,3926.396223,2.1994243515074103,4524.191741,2.369305147647252,0.9999836696029879,2442.8690702560666,9299.237824056312,10312.020122338665,-1012.7822982823527,defillama_hourly_mean_v1
2026-08-30,optimism,Uniswap V3 Optimism USDC/WETH 0.05%,0x1fb3cf6e48f1e7b10213e7b6d87d4c073c7fdb7b,13,34,34,28174.671238,2.3759697950885337,28262.632955,2.2473740185731295,0.9999044618543351,2472.213934975923,34045.885118654965,33815.9221612752,229.9629573797647,defillama_hourly_mean_v1
2026-08-31,optimism,Uniswap V3 Optimism USDC/WETH 0.05%,0x1fb3cf6e48f1e7b10213e7b6d87d4c073c7fdb7b,9,13,16,3254.238972,2.1049396151162885,2428.619174,1.5120025918307314,0.999862963727085,2448.6981283920104,8408.154719133556,6130.724281819846,2277.43043731371,defillama_hourly_mean_v1
2026-09-01,optimism,Uniswap V3 Optimism USDC/WETH 0.05%,0x1fb3cf6e48f1e7b10213e7b6d87d4c073c7fdb7b,5,12,12,4237.294903,2.026351621796518,7909.568672,2.647515496011771,0.9998425552110368,2448.43135331241,9198.010606640268,14390.583300445325,-5192.5726938050575,defillama_hourly_mean_v1
2026-09-02,optimism,Uniswap V3 Optimism USDC/WETH 0.05%,0x1fb3cf6e48f1e7b10213e7b6d87d4c073c7fdb7b,2,12,8,2232.937883,1.5960177704115959,2182.063628,4.454854932579673,0.9997725274115155,2397.027632606345,6058.128648647194,12859.977640984453,-6801.848992337259,defillama_hourly_mean_v1
2026-09-03,optimism,Uniswap V3 Optimism USDC/WETH 0.05%,0x1fb3cf6e48f1e7b10213e7b6d87d4c073c7fdb7b,10,12,17,2621.051646,2.690842766485088,3442.521133,1.5961317029673525,0.9998714963759531,2440.4846071271863,9187.675183171064,7337.413608598077,1850.2615745729872,defillama_hourly_mean_v1
2026-09-04,optimism,Uniswap V3 Optimism USDC/WETH 0.05%,0x1fb3cf6e48f1e7b10213e7b6d87d4c073c7fdb7b,17,18,24,11293.13982,3.8075958639415206,7308.752927,4.231900676676758,0.9999202474581613,2485.0630779895127,20754.35506078067,17824.71015670465,2929.64490407602,defillama_hourly_mean_v1
2026-09-05,optimism,Uniswap V3 Optimism USDC/WETH 0.05%,0x1fb3cf6e48f1e7b10213e7b6d87d4c073c7fdb7b,5,11,10,2840.322915,1.7580411854731233,3354.344301,1.6657010415229196,0.9999873145493582,2462.1284419556637,7168.810089106684,7455.471659759686,-286.66157065300195,defillama_hourly_mean_v1
2026-09-06,optimism,Uniswap V3 Optimism USDC/WETH 0.05%,0x1fb3cf6e48f1e7b10213e7b6d87d4c073c7fdb7b,3,9,6,2915.820681,1.3433067522357343,2982.776067,1.3138793558791606,0.9999650827789517,2497.2460677150616,6270.286373400522,6263.751971669963,6.5344017305596935,defillama_hourly_mean_v1
2026-09-07,optimism,Uniswap V3 Optimism USDC/WETH 0.05%,0x1fb3cf6e48f1e7b10213e7b6d87d4c073c7fdb7b,8,17,19,2729.352707,1.366111452294007,2756.985563,1.3743144552140392,0.9999091517526089,2495.4035062587495,6138.104058084755,6186.204205936716,-48.10014785196108,defillama_hourly_mean_v1
2026-09-08,optimism,Uniswap V3 Optimism USDC/WETH 0.05%,0x1fb3cf6e48f1e7b10213e7b6d87d4c073c7fdb7b,6,8,9,2702.075993,1.3754075978316318,2699.000473,1.3740296498122886,0.9998954222460581,2483.8900146504243,6118.154614289988,6111.656744595008,6.4978696949801815,defillama_hourly_mean_v1
2026-09-09,optimism,Uniswap V3 Optimism USDC/WETH 0.05%,0x1fb3cf6e48f1e7b10213e7b6d87d4c073c7fdb7b,2,14,11,2961.321796,1.3662701013980185,3054.149583,1.356209993636817,0.9999230319731481,2491.9345976662194,6365.749604335145,6433.501115977153,-67.75151164200815,defillama_hourly_mean_v1
2026-09-10,optimism,Uniswap V3 Optimism USDC/WETH 0.05%,0x1fb3cf6e48f1e7b10213e7b6d87d4c073c7fdb7b,4,8,8,2647.372215,1.401670218880235,2644.615353,1.4563365664291266,0.9998570298719418,2461.0667365271215,6096.597671122239,6228.378732831161,-131.7810617089217,defillama_hourly_mean_v1
2026-09-11,optimism,Uniswap V3 Optimism USDC/WETH 0.05%,0x1fb3cf6e48f1e7b10213e7b6d87d4c073c7fdb7b,14,24,23,25013.672183,3.1056832270102035,16717.024566,3.6900070554076594,0.9998734772860036,2501.4883858141734,32779.337907692294,25945.419275356584,6833.91863233571,defillama_hourly_mean_v1
2026-09-12,optimism,Uniswap V3 Optimism USDC/WETH 0.05%,0x1fb3cf6e48f1e7b10213e7b6d87d4c073c7fdb7b,6,10,10,20318.741454,1.319480263308097,20162.098676,1.1872022921057248,0.9998791132835302,2524.897909724975,23647.8381468128,23157.22593185236,490.612214960438,defillama_hourly_mean_v1
2026-09-13,optimism,Uniswap V3 Optimism USDC/WETH 0.05%,0x1fb3cf6e48f1e7b10213e7b6d87d4c073c7fdb7b,6,10,10,4385.574831,2.2445916207272214,17504.505046,3.6017734696436,0.9998363973777642,2503.128417396939,10003.358410750996,26517.3427879648,-16513.984377213805,defillama_hourly_mean_v1
2026-09-14,optimism,Uniswap V3 Optimism USDC/WETH 0.05%,0x1fb3cf6e48f1e7b10213e7b6d87d4c073c7fdb7b,7,22,24,5670.072488,3.292270288195779,4715.507095,2.1058179338352083,0.9998268207730797,2516.9203707545826,13955.472703619962,10014.866521896913,3940.6061817230493,defillama_hourly_mean_v1
2026-09-15,optimism,Uniswap V3 Optimism USDC/WETH 0.05%,0x1fb3cf6e48f1e7b10213e7b6d87d4c073c7fdb7b,14,18,20,12421.446984,40.38084615198154,11705.577876,8.313370934662196,0.9997857431403161,2459.92243277896,111752.5349076318,32153.317529831627,79599.21737780017,defillama_hourly_mean_v1
2026-09-16,optimism,Uniswap V3 Optimism USDC/WETH 0.05%,0x1fb3cf6e48f1e7b10213e7b6d87d4c073c7fdb7b,4,7,9,3430.544018,2.5919154109238227,3390.876814,35.636853208472296,0.9996965008881468,2399.3874329211753,9648.512115102709,88896.46542316364,-79247.95330806093,defillama_hourly_mean_v1
2026-09-17,optimism,Uniswap V3 Optimism USDC/WETH 0.05%,0x1fb3cf6e48f1e7b10213e7b6d87d4c073c7fdb7b,6,6,9,3836.62424,2.4600860823758626,3794.222707,2.438802771582234,0.9996082738424632,2443.832041807715,9847.1585276439,9752.760767560274,94.39776008362605,defillama_hourly_mean_v1
2026-09-18,optimism,Uniswap V3 Optimism USDC/WETH 0.05%,0x1fb3cf6e48f1e7b10213e7b6d87d4c073c7fdb7b,41,68,38,253262.165516,23.89747496670792,240174.812083,23.12386018611935,0.9996268307928361,2532.850308276956,313696.3827109568,298654.4626397599,15041.920071196917,defillama_hourly_mean_v1
2026-09-19,optimism,Uniswap V3 Optimism USDC/WETH 0.05%,0x1fb3cf6e48f1e7b10213e7b6d87d4c073c7fdb7b,50,102,37,445489.516099,34.45571465127991,445575.168463,34.45543403153654,0.9997373479855437,2632.2490087488204,536068.5281167412,536153.4193229339,-84.8912061926676,defillama_hourly_mean_v1
2026-09-20,optimism,Uniswap V3 Optimism USDC/WETH 0.05%,0x1fb3cf6e48f1e7b10213e7b6d87d4c073c7fdb7b,54,112,39,475572.893422,40.58476369743026,475929.985363,41.74888437077646,0.9996939783554901,2601.14299022981,580994.1314247746,584379.1584171677,-3385.0269923930755,defillama_hourly_mean_v1
2026-09-21,optimism,Uniswap V3 Optimism USDC/WETH 0.05%,0x1fb3cf6e48f1e7b10213e7b6d87d4c073c7fdb7b,83,150,61,639909.846188,41.297629515241155,642020.537485,39.476053617160666,0.9997945781514616,2713.9423562594934,751857.7806790234,749024.3864089733,2833.3942700501066,defillama_hourly_mean_v1
2026-09-22,optimism,Uniswap V3 Optimism USDC/WETH 0.05%,0x1fb3cf6e48f1e7b10213e7b6d87d4c073c7fdb7b,67,125,50,179338.704768,35.672494538574945,195884.705411,35.639805881156995,0.999854593685157,2746.923356512922,277302.2362209221,293756.03773438884,-16453.80151346675,defillama_hourly_mean_v1
2026-09-23,optimism,Uniswap V3 Optimism USDC/WETH 0.05%,0x1fb3cf6e48f1e7b10213e7b6d87d4c073c7fdb7b,103,199,62,238987.407713,69.7420766705099,236096.432417,71.02797459029797,0.9998584237827269,2718.5051403255593,428547.76670560054,429152.920807825,-605.1541022244492,defillama_hourly_mean_v1
2026-09-24,optimism,Uniswap V3 Optimism USDC/WETH 0.05%,0x1fb3cf6e48f1e7b10213e7b6d87d4c073c7fdb7b,85,163,54,133096.918737,70.32499030567315,133080.761709,70.31636443566902,0.9998277103965778,2674.7903582204126,321178.5935332126,321139.3668949823,39.22663823032053,defillama_hourly_mean_v1
2026-09-25,optimism,Uniswap V3 Optimism USDC/WETH 0.05%,0x1fb3cf6e48f1e7b10213e7b6d87d4c073c7fdb7b,89,166,61,123439.755196,62.70216702380122,126207.32474,61.393503213474915,0.9998683414590491,2689.8001172321055,292079.79950926313,291326.9606086619,752.8389006012585,defillama_hourly_mean_v1
2026-09-26,optimism,Uniswap V3 Optimism USDC/WETH 0.05%,0x1fb3cf6e48f1e7b10213e7b6d87d4c073c7fdb7b,42,86,24,65485.41457,33.15608249982766,65484.675072,33.15571675052999,0.9998887569131437,2687.4417254978675,154583.16933442568,154581.44698876608,1.7223456595966127,defillama_hourly_mean_v1
2026-09-27,optimism,Uniswap V3 Optimism USDC/WETH 0.05%,0x1fb3cf6e48f1e7b10213e7b6d87d4c073c7fdb7b,59,117,41,90459.05807,43.20062875616519,90315.662818,42.90408489073813,0.9998588795808357,2697.9380108003547,206998.91086154088,206055.47887913362,943.431982407259,defillama_hourly_mean_v1
2026-09-28,optimism,Uniswap V3 Optimism USDC/WETH 0.05%,0x1fb3cf6e48f1e7b10213e7b6d87d4c073c7fdb7b,79,150,57,114833.463933,63.111353073228884,112459.778907,64.30467801030875,0.9998434215944898,2668.5752672068093,283232.8793834932,284044.04343814217,-811.1640546489507,defillama_hourly_mean_v1
2026-09-29,optimism,Uniswap V3 Optimism USDC/WETH 0.05%,0x1fb3cf6e48f1e7b10213e7b6d87d4c073c7fdb7b,48,90,38,67098.825386,34.600542658921626,71040.814313,31.730495472339058,0.9998985773272056,2692.107634666256,160240.40509946638,156455.51827656192,3784.88682290446,defillama_hourly_mean_v1
2026-09-30,optimism,Uniswap V3 Optimism USDC/WETH 0.05%,0x1fb3cf6e48f1e7b10213e7b6d87d4c073c7fdb7b,81,159,49,118062.393141,60.89684104383625,118052.51017,60.892751543921726,0.9998169721122654,2681.823607711157,281355.3703769563,281334.5218974011,20.848479555221274,defillama_hourly_mean_v1
2026-10-01,optimism,Uniswap V3 Optimism USDC/WETH 0.05%,0x1fb3cf6e48f1e7b10213e7b6d87d4c073c7fdb7b,43,76,37,61045.896229,29.744056664013822,61018.61655,29.73124585030647,0.9998591807921509,2693.5712233317518,141155.03488958726,141093.25221294045,61.78267664680607,defillama_hourly_mean_v1
2026-10-02,optimism,Uniswap V3 Optimism USDC/WETH 0.05%,0x1fb3cf6e48f1e7b10213e7b6d87d4c073c7fdb7b,87,171,52,188763.668446,61.859736690813186,188331.629592,61.84828823874728,0.9999160759761665,2711.722165693099,356494.2457878073,356031.1981710163,463.0476167909801,defillama_hourly_mean_v1
2026-10-03,optimism,Uniswap V3 Optimism USDC/WETH 0.05%,0x1fb3cf6e48f1e7b10213e7b6d87d4c073c7fdb7b,26,49,19,43391.00918,22.674284786640015,43387.886014,22.672864991660653,0.9999653278294965,2681.336394848797,104186.88974511567,104179.95973945122,6.930005664442433,defillama_hourly_mean_v1
2026-10-04,optimism,Uniswap V3 Optimism USDC/WETH 0.05%,0x1fb3cf6e48f1e7b10213e7b6d87d4c073c7fdb7b,39,74,26,63994.627628,37.132830372798104,66374.963169,29.16361522994666,0.9999797481383653,2699.0698256725423,164217.43361869216,145088.25282710313,19129.180791589024,defillama_hourly_mean_v1
